,facility_id,facility_name,address_1,address_2,city,state,postal_code,country,url,begin_date,end_date,active,city_operated,notes,location,:@computed_region_rpca_8um6,:@computed_region_vrxf_vc4k,:@computed_region_6mkv_f3dw,:@computed_region_bdys_3d7i,:@computed_region_43wa_7qmu,phone
0,92,Primecare Wicker Park Health Center,1127 N Oakley Blvd,Fl 2,Chicago,IL,60622,United States of America,https://primecarehealth.org/,2021-01-01T00:00:00.000,2021-12-31T00:00:00.000,True,False,Open to current patients only.,"{'type': 'Point', 'coordinates': [-87.68461, 41.902138]}",4,25,21560,541,41,
1,161,Walgreens Store #6727,4720 N MARINE DR,,Chicago,IL,60640,United States of America,https://www.walgreens.com/topic/promotion/covid-vaccine.jsp,2021-01-28T00:00:00.000,2021-12-31T00:00:00.000,True,False,Vaccine availability is limited and subject to change. The 1b Federal Program is currently only for 65+ and healthcare workers with a limited supply of 100 doses per store,"{'type': 'Point', 'coordinates': [-87.649282, 41.967817]}",15,31,22616,636,39,
2,119,Walgreens Store #4349,201 W Madison St,,Chicago,IL,60606,United States of America,https://www.walgreens.com/topic/promotion/covid-vaccine.jsp,2021-01-01T00:00:00.000,2021-12-31T00:00:00.000,True,False,Vaccine availability is limited and subject to change. Find more information using the link or phone number provided.,"{'type': 'Point', 'coordinates': [-87.634594, 41.881927]}",46,38,14914,92,36,
3,272,Walgreens - Store Number: 15004,953 W IRVING PARK RD,,Chicago,IL,60613,United States of America,www.walgreens.com/schedulevaccine,2021-03-01T00:00:00.000,2021-12-31T00:00:00.000,True,False,,"{'type': 'Point', 'coordinates': [-87.654117, 41.954503]}",53,31,21186,577,39,
4,257,Walgreens - Store Number: 7630,933 N STATE ST,,Chicago,IL,60610,United States of America,www.walgreens.com/schedulevaccine,2021-03-01T00:00:00.000,2021-12-31T00:00:00.000,True,False,,"{'type': 'Point', 'coordinates': [-87.628321, 41.900078]}",54,37,14926,230,11,
5,1,ACCESS Center for Discovery and Learning,5159 S Ashland Ave,,Chicago,IL,60609,United States of America,https://www.achn.net,2021-02-04T00:00:00.000,2021-12-31T00:00:00.000,False,False,Open to current patients only.,"{'type': 'Point', 'coordinates': [-87.664649, 41.800288]}",37,59,14924,790,2,(800) 836-7633
6,106,Walgreens Store #2840,1500 W Wilson Ave,,Chicago,IL,60640,United States of America,https://www.walgreens.com/topic/promotion/covid-vaccine.jsp,2021-01-01T00:00:00.000,2021-12-31T00:00:00.000,True,False,Vaccine availability is limited and subject to change. Find more information using the link or phone number provided.,"{'type': 'Point', 'coordinates': [-87.668285, 41.965263]}",15,31,22616,559,18,
7,193,PIC - Lincoln & Peterson,5961 N. Lincoln Ave,,Chicago,IL,60659,United States of America,https://physiciansimmediatecare.com/covid-19-vaccination-locations/,2021-02-17T00:00:00.000,2021-12-31T00:00:00.000,True,False,,"{'type': 'Point', 'coordinates': [-87.705708, 41.989441]}",50,20,4450,65,24,
8,138,Walmart Store #5781,8331 S Stewart Ave,,Chicago,IL,60620,United States of America,https://www.walmart.com/cp/1228302,2021-01-01T00:00:00.000,2021-12-31T00:00:00.000,True,False,Vaccine availability is limited and subject to change. Find more information using the link or phone number provided.,"{'type': 'Point', 'coordinates': [-87.634052, 41.740814]}",59,70,21554,529,13,
9,240,Walgreens - Store Number: 5124,8628 S COTTAGE GROVE AVE,,Chicago,IL,60619,United States of America,www.walgreens.com/schedulevaccine,2021-03-01T00:00:00.000,2021-12-31T00:00:00.000,True,False,,"{'type': 'Point', 'coordinates': [-87.604949, 41.737951]}",61,40,21546,140,32,
10,29,Aunt Martha's Community Health Center,3528 E 118th St,,Chicago,IL,60617,United States of America,http://auntmarthas.org,2021-01-01T00:00:00.000,2021-12-31T00:00:00.000,True,False,Vaccine availability is limited and subject to change. Find more information using the link or phone number provided.,"{'type': 'Point', 'coordinates': [-87.537465, 41.680954]}",25,52,21202,787,47,(877) 692-8686
11,143,Walgreens Store #1375,1200 N DEARBORN ST,,Chicago,IL,60610,United States of America,https://www.walgreens.com/topic/promotion/covid-vaccine.jsp,2021-01-28T00:00:00.000,2021-12-31T00:00:00.000,True,False,Vaccine availability is limited and subject to change. The 1b Federal Program is currently only for 65+ and healthcare workers with a limited supply of 100 doses per store,"{'type': 'Point', 'coordinates': [-87.629978, 41.90422]}",54,37,14926,17,11,
12,270,Walgreens - Store Number: 13454,6140 N WESTERN AVE,,Chicago,IL,60659,United States of America,www.walgreens.com/schedulevaccine,2021-03-01T00:00:00.000,2021-12-31T00:00:00.000,True,False,,"{'type': 'Point', 'coordinates': [-87.689824, 41.993469]}",50,20,4450,31,24,
13,225,Walgreens - Store Number: 4349,201 W MADISON ST,,Chicago,IL,60606,United States of America,www.walgreens.com/schedulevaccine,2021-03-01T00:00:00.000,2021-12-31T00:00:00.000,True,False,,"{'type': 'Point', 'coordinates': [-87.634594, 41.881927]}",46,38,14914,92,36,
14,34,Chicago Family Health Center - East Side,10536 S Ewing Ave,,Chicago,IL,60617,United States of America,https://chicagofamilyhealth.org/,2021-01-01T00:00:00.000,2021-12-31T00:00:00.000,True,False,Vaccine availability is limited and subject to change. Find more information using the link or phone number provided.,"{'type': 'Point', 'coordinates': [-87.535291, 41.703502]}",25,49,21202,602,47,(773) 768-5000
15,79,Oak Street Health Little Village,3010 W 26th St,,Chicago,IL,60624,United States of America,https://www.oakstreethealth.com/covid-19-vaccine,2021-01-01T00:00:00.000,2021-12-31T00:00:00.000,True,False,Vaccine availability is limited and subject to change. Find more information using the link or phone number provided.,"{'type': 'Point', 'coordinates': [-87.700965, 41.844623]}",57,32,21569,261,1,773-209-5333
16,165,Walgreens Store #5124,8628 S COTTAGE GROVE AVE,,Chicago,IL,60619,United States of America,https://www.walgreens.com/topic/promotion/covid-vaccine.jsp,2021-01-28T00:00:00.000,2021-12-31T00:00:00.000,True,False,Vaccine availability is limited and subject to change. The 1b Federal Program is currently only for 65+ and healthcare workers with a limited supply of 100 doses per store,"{'type': 'Point', 'coordinates': [-87.604949, 41.737951]}",61,40,21546,140,32,
17,176,Walgreens Store #5033,2015 E 79TH ST,,Chicago,IL,60649,United States of America,https://www.walgreens.com/topic/promotion/covid-vaccine.jsp,2021-01-28T00:00:00.000,2021-12-31T00:00:00.000,True,False,Vaccine availability is limited and subject to change. The 1b Federal Program is currently only for 65+ and healthcare workers with a limited supply of 100 doses per store,"{'type': 'Point', 'coordinates': [-87.575298, 41.751614]}",25,42,22538,420,35,
18,197,PIC - Six Corners,4211 N. Cicero,,Chicago,IL,60641,United States of America,https://physiciansimmediatecare.com/covid-19-vaccination-locations/,2021-02-17T00:00:00.000,2021-12-31T00:00:00.000,True,False,,"{'type': 'Point', 'coordinates': [-87.74736, 41.957627]}",21,15,22618,139,50,
19,208,Walgreens - Store Number: 249,1601 N WELLS ST,,Chicago,IL,60614,United States of America,www.walgreens.com/schedulevaccine,2021-03-01T00:00:00.000,2021-12-31T00:00:00.000,True,False,,"{'type': 'Point', 'coordinates': [-87.634714, 41.911317]}",16,68,21190,271,11,
20,65,Mariano's Pharmacy 53100539,3857 S Martin Luther King Dr,,Chicago,IL,60653,United States of America,https://www.marianos.com/i/coronavirus-update/vaccine,2021-01-01T00:00:00.000,2021-12-31T00:00:00.000,True,False,Vaccine availability is limited and subject to change. Find more information using the link or phone number provided.,,,,,,,
21,47,Hamdard Center for Health and Human Services,1542 W Devon Ave,,Chicago,IL,60660,United States of America,https://www.hamdardcenter.org/combating-covid-19/,2021-01-01T00:00:00.000,2021-12-31T00:00:00.000,True,False,Vaccine availability is limited and subject to change. Find more information using the link or phone number provided.,"{'type': 'Point', 'coordinates': [-87.66959, 41.998032]}",14,76,4451,536,16,
22,60,Mariano's Pharmacy 53100520,3145 S Ashland Ave,,Chicago,IL,60608,United States of America,https://www.marianos.com/i/coronavirus-update/vaccine,2021-01-01T00:00:00.000,2021-12-31T00:00:00.000,True,False,Vaccine availability is limited and subject to change. Find more information using the link or phone number provided.,"{'type': 'Point', 'coordinates': [-87.665638, 41.836512]}",43,56,14920,192,1,
23,48,Heartland Alliance Health - Englewood,5501 S Halsted,,Chicago,IL,60620,United States of America,https://www.heartlandalliance.org/heartland-alliance-health/,2021-01-01T00:00:00.000,2021-12-31T00:00:00.000,True,False,Vaccine availability is limited and subject to change. Find more information using the link or phone number provided.,,,,,,,
24,75,Oak Street Health Brighton Park,4327 S Archer Ave,,Chicago,IL,60609,United States of America,https://www.oakstreethealth.com/covid-19-vaccine,2021-01-01T00:00:00.000,2021-12-31T00:00:00.000,True,False,Vaccine availability is limited and subject to change. Find more information using the link or phone number provided.,"{'type': 'Point', 'coordinates': [-87.702918, 41.814938]}",56,55,22248,156,3,773-209-5333
25,37,Englewood Health Center of Cook County,1135 W 69th St,,Chicago,IL,60621,United States of America,https://cookcountyhealth.org/locations/englewood-health-center/,2021-01-01T00:00:00.000,2021-12-31T00:00:00.000,True,False,Vaccine availability is limited and subject to change. Find more information using the link or phone number provided.,"{'type': 'Point', 'coordinates': [-87.653282, 41.768715]}",11,66,21559,410,2,
26,207,Walgreens - Store Number: 232,3405 S KING DR,,Chicago,IL,60616,United States of America,www.walgreens.com/schedulevaccine,2021-03-01T00:00:00.000,2021-12-31T00:00:00.000,True,False,,"{'type': 'Point', 'coordinates': [-87.616993, 41.832627]}",40,1,21194,190,10,
27,133,Walmart Store #3166,4720 S Cottage Grove Ave,,Chicago,IL,60615,United States of America,https://www.walmart.com/cp/1228302,2021-01-01T00:00:00.000,2021-12-31T00:00:00.000,True,False,Vaccine availability is limited and subject to change. Find more information using the link or phone number provided.,"{'type': 'Point', 'coordinates': [-87.606539, 41.80867]}",10,5,21192,461,10,
28,148,Walgreens Store #9000,2001 N MILWAUKEE AVE,,Chicago,IL,60647,United States of America,https://www.walgreens.com/topic/promotion/covid-vaccine.jsp,2021-01-28T00:00:00.000,2021-12-31T00:00:00.000,True,False,Vaccine availability is limited and subject to change. The 1b Federal Program is currently only for 65+ and healthcare workers with a limited supply of 100 doses per store,"{'type': 'Point', 'coordinates': [-87.688596, 41.917601]}",1,23,22535,323,41,
29,219,Walgreens - Store Number: 1503,1926 W 35TH ST,,Chicago,IL,60609,United States of America,www.walgreens.com/schedulevaccine,2021-03-01T00:00:00.000,2021-12-31T00:00:00.000,True,False,,"{'type': 'Point', 'coordinates': [-87.673883, 41.830417]}",43,56,14924,192,1,
30,180,Walgreens  Store #7687,3320 W FULLERTON AVE,,Chicago,IL,60647,United States of America,https://www.walgreens.com/topic/promotion/covid-vaccine.jsp,2021-01-28T00:00:00.000,2021-12-31T00:00:00.000,True,False,Vaccine availability is limited and subject to change. The 1b Federal Program is currently only for 65+ and healthcare workers with a limited supply of 100 doses per store,"{'type': 'Point', 'coordinates': [-87.711594, 41.924715]}",1,23,22535,70,12,
31,212,Walgreens - Store Number: 1096,3646 N BROADWAY ST,,Chicago,IL,60613,United States of America,www.walgreens.com/schedulevaccine,2021-03-01T00:00:00.000,2021-12-31T00:00:00.000,True,False,,"{'type': 'Point', 'coordinates': [-87.648007, 41.948601]}",53,57,21186,726,39,
32,43,Friend Health - Cottage Grove,800 E 55th St,,Chicago,IL,60615,United States of America,https://friendfhc.org/covid.html,2021-01-01T00:00:00.000,2021-12-31T00:00:00.000,True,False,Vaccine availability is limited and subject to change. Find more information using the link or phone number provided.,"{'type': 'Point', 'coordinates': [-87.605677, 41.795037]}",10,8,21192,440,33,
33,69,Mile Square Health Center UIC - Back of the Yards,4630 S Bishop St,,Chicago,IL,60609,United States of America,https://hospital.uillinois.edu/patients-and-visitors/mile-square-federally-qualified-health-center/locations/back-of-the-yards,2021-01-01T00:00:00.000,2021-12-31T00:00:00.000,True,False,Vaccine availability is limited and subject to change. Find more information using the link or phone number provided.,"{'type': 'Point', 'coordinates': [-87.661328, 41.8094]}",37,59,14924,123,3,(312) 996-2000
34,111,Walgreens Store #3321,5874 S Archer Ave,,Chicago,IL,60638,United States of America,https://www.walgreens.com/topic/promotion/covid-vaccine.jsp,2021-01-01T00:00:00.000,2021-12-31T00:00:00.000,True,False,Vaccine availability is limited and subject to change. Find more information using the link or phone number provided.,"{'type': 'Point', 'coordinates': [-87.761992, 41.795836]}",7,53,22268,607,8,
35,175,Walgreens Store #6762,11833 S WESTERN AVE,,Chicago,IL,60643,United States of America,https://www.walgreens.com/topic/promotion/covid-vaccine.jsp,2021-01-28T00:00:00.000,2021-12-31T00:00:00.000,True,False,Vaccine availability is limited and subject to change. The 1b Federal Program is currently only for 65+ and healthcare workers with a limited supply of 100 doses per store,"{'type': 'Point', 'coordinates': [-87.680658, 41.677806]}",13,74,22212,378,42,
36,251,Walgreens - Store Number: 7179,2 E ROOSEVELT RD,,Chicago,IL,60605,United States of America,www.walgreens.com/schedulevaccine,2021-03-01T00:00:00.000,2021-12-31T00:00:00.000,True,False,,"{'type': 'Point', 'coordinates': [-87.62717, 41.867498]}",35,38,14913,368,10,
37,80,Oak Street Health Madison Street,3433 W Madison St,,Chicago,IL,60641,United States of America,https://www.oakstreethealth.com/covid-19-vaccine,2021-01-01T00:00:00.000,2021-12-31T00:00:00.000,True,False,Vaccine availability is limited and subject to change. Find more information using the link or phone number provided.,"{'type': 'Point', 'coordinates': [-87.712345, 41.880918]}",30,28,21572,704,23,773-209-5333
38,128,Walgreens Store #1173,1520 W Fullerton Ave,,Chicago,IL,60614,United States of America,https://www.walgreens.com/topic/promotion/covid-vaccine.jsp,2021-01-01T00:00:00.000,2021-12-31T00:00:00.000,True,False,Vaccine availability is limited and subject to change. Find more information using the link or phone number provided.,"{'type': 'Point', 'coordinates': [-87.666698, 41.925188]}",16,68,21190,770,40,
39,52,Inner City Muslim Action Network (IMAN),2744 W 63rd St,,Chicago,IL,60629,United States of America,https://www.imancentral.org/chicago/health-center/,2021-01-01T00:00:00.000,2021-12-31T00:00:00.000,True,False,Vaccine availability is limited and subject to change. Find more information using the link or phone number provided.,"{'type': 'Point', 'coordinates': [-87.692639, 41.779134]}",58,64,21867,111,2,(773) 434-4626
40,239,Walgreens - Store Number: 5121,5935 W ADDISON ST,,Chicago,IL,60634,United States of America,www.walgreens.com/schedulevaccine,2021-03-01T00:00:00.000,2021-12-31T00:00:00.000,True,False,,"{'type': 'Point', 'coordinates': [-87.775442, 41.945798]}",52,15,22254,311,44,
41,260,Walgreens - Store Number: 9357,833 W 115TH ST,,Chicago,IL,60643,United States of America,www.walgreens.com/schedulevaccine,2021-03-01T00:00:00.000,2021-12-31T00:00:00.000,True,False,,"{'type': 'Point', 'coordinates': [-87.64327, 41.685065]}",13,50,22212,642,22,
42,187,Walgreens  Store #15350,834 W ARMITAGE AVE,,Chicago,IL,60614,United States of America,https://www.walgreens.com/topic/promotion/covid-vaccine.jsp,2021-01-28T00:00:00.000,2021-12-31T00:00:00.000,True,False,Vaccine availability is limited and subject to change. The 1b Federal Program is currently only for 65+ and healthcare workers with a limited supply of 100 doses per store,"{'type': 'Point', 'coordinates': [-87.649821, 41.918154]}",16,68,21190,168,34,
43,202,Walgreens - Store Number: 147,3611 E 106TH ST,,Chicago,IL,60617,United States of America,www.walgreens.com/schedulevaccine,2021-03-01T00:00:00.000,2021-12-31T00:00:00.000,True,False,,"{'type': 'Point', 'coordinates': [-87.535999, 41.70273]}",25,49,21202,602,47,
44,234,Walgreens - Store Number: 4986,4745 W BELMONT AVE,,Chicago,IL,60641,United States of America,www.walgreens.com/schedulevaccine,2021-03-01T00:00:00.000,2021-12-31T00:00:00.000,True,False,,"{'type': 'Point', 'coordinates': [-87.745967, 41.938854]}",21,15,22618,115,21,
45,276,Walgreens - Store Number: 16085,100 W RANDOLPH ST,,Chicago,IL,60601,United States of America,www.walgreens.com/schedulevaccine,2021-03-01T00:00:00.000,2021-12-31T00:00:00.000,True,False,,"{'type': 'Point', 'coordinates': [-87.631423, 41.884501]}",42,38,14309,92,36,
46,124,Walgreens Store #5192,9148 S Commercial Ave,,Chicago,IL,60617,United States of America,https://www.walgreens.com/topic/promotion/covid-vaccine.jsp,2021-01-01T00:00:00.000,2021-12-31T00:00:00.000,True,False,Vaccine availability is limited and subject to change. Find more information using the link or phone number provided.,"{'type': 'Point', 'coordinates': [-87.551227, 41.72858]}",25,42,21202,510,47,
47,261,Walgreens - Store Number: 9470,4817 W FULLERTON AVE,,Chicago,IL,60639,United States of America,www.walgreens.com/schedulevaccine,2021-03-01T00:00:00.000,2021-12-31T00:00:00.000,True,False,,"{'type': 'Point', 'coordinates': [-87.747293, 41.924204]}",2,19,22615,306,17,
48,144,Walgreens Store Store #162,1554 E 55TH ST,,Chicago,IL,60615,United States of America,https://www.walgreens.com/topic/promotion/covid-vaccine.jsp,2021-01-28T00:00:00.000,2021-12-31T00:00:00.000,True,False,Vaccine availability is limited and subject to change. The 1b Federal Program is currently only for 65+ and healthcare workers with a limited supply of 100 doses per store,"{'type': 'Point', 'coordinates': [-87.588157, 41.795267]}",10,8,21192,500,33,
49,102,Walgreens Store #2211,5036 S Cottage Grove Ave,,Chicago,IL,60615,United States of America,https://www.walgreens.com/topic/promotion/covid-vaccine.jsp,2021-01-01T00:00:00.000,2021-12-31T00:00:00.000,True,False,Vaccine availability is limited and subject to change. Find more information using the link or phone number provided.,"{'type': 'Point', 'coordinates': [-87.606428, 41.802905]}",10,4,21192,165,10,
50,170,Walgreens Store #7359,3222 N MILWAUKEE AVE,,Chicago,IL,60618,United States of America,https://www.walgreens.com/topic/promotion/covid-vaccine.jsp,2021-01-28T00:00:00.000,2021-12-31T00:00:00.000,True,False,Vaccine availability is limited and subject to change. The 1b Federal Program is currently only for 65+ and healthcare workers with a limited supply of 100 doses per store,"{'type': 'Point', 'coordinates': [-87.724725, 41.939651]}",39,22,21538,138,21,
51,88,PCC Community Wellness Center - Salud,5359 W Fullerton Ave,,Chicago,IL,60639,United States of America,https://www.pccwellness.org/covid-19,2021-01-01T00:00:00.000,2021-12-31T00:00:00.000,True,False,Vaccine availability is limited and subject to change. Find more information using the link or phone number provided.,"{'type': 'Point', 'coordinates': [-87.760484, 41.924025]}",2,19,22615,307,44,(773) 295-3347
52,244,Walgreens - Store Number: 5825,1213 W 79TH ST,,Chicago,IL,60620,United States of America,www.walgreens.com/schedulevaccine,2021-03-01T00:00:00.000,2021-12-31T00:00:00.000,True,False,,"{'type': 'Point', 'coordinates': [-87.654532, 41.750482]}",59,70,21554,575,31,
53,155,Walgreens Store #1298,1372 N MILWAUKEE AVE,,Chicago,IL,60622,United States of America,https://www.walgreens.com/topic/promotion/covid-vaccine.jsp,2021-01-28T00:00:00.000,2021-12-31T00:00:00.000,True,False,Vaccine availability is limited and subject to change. The 1b Federal Program is currently only for 65+ and healthcare workers with a limited supply of 100 doses per store,"{'type': 'Point', 'coordinates': [-87.671916, 41.90684]}",4,25,21560,482,41,
54,107,Walgreens Store #2877,2440 W North Ave,,Chicago,IL,60647,United States of America,https://www.walgreens.com/topic/promotion/covid-vaccine.jsp,2021-01-01T00:00:00.000,2021-12-31T00:00:00.000,True,False,Vaccine availability is limited and subject to change. Find more information using the link or phone number provided.,"{'type': 'Point', 'coordinates': [-87.688632, 41.910356]}",1,25,22535,302,41,
55,156,Walgreens Store #6980,3019 W PETERSON AVE,,Chicago,IL,60659,United States of America,https://www.walgreens.com/topic/promotion/covid-vaccine.jsp,2021-01-28T00:00:00.000,2021-12-31T00:00:00.000,True,False,Vaccine availability is limited and subject to change. The 1b Federal Program is currently only for 65+ and healthcare workers with a limited supply of 100 doses per store,"{'type': 'Point', 'coordinates': [-87.705301, 41.99037]}",50,20,4450,65,24,
56,139,Walmart Store #5965,10900 S Doty Ave,,Chicago,IL,60628,United States of America,https://www.walmart.com/cp/1228302,2021-01-01T00:00:00.000,2021-12-31T00:00:00.000,True,False,Vaccine availability is limited and subject to change. Find more information using the link or phone number provided.,"{'type': 'Point', 'coordinates': [-87.596618, 41.696117]}",19,47,21861,254,43,
57,266,Walgreens - Store Number: 11492,5414 S ARCHER AVE,,Chicago,IL,60638,United States of America,www.walgreens.com/schedulevaccine,2021-03-01T00:00:00.000,2021-12-31T00:00:00.000,True,False,,"{'type': 'Point', 'coordinates': [-87.743617, 41.798645]}",7,53,22268,173,8,
58,16,ACCESS Madison,3800 W Madison St,,Chicago,IL,60624,United States of America,https://www.achn.net,2021-02-08T00:00:00.000,2021-12-31T00:00:00.000,False,False,Open to current patients only.,"{'type': 'Point', 'coordinates': [-87.72102, 41.880796]}",30,27,21572,658,23,(800) 836-7633
59,97,Saint Anthony Hospital,2875 W 19th St,,Chicago,IL,60623,United States of America,https://sahchicago.org/hospital-services/infection-prevention,2021-01-01T00:00:00.000,2021-12-31T00:00:00.000,True,False,Open to current patients only.,"{'type': 'Point', 'coordinates': [-87.698272, 41.855538]}",57,30,21569,132,1,(773) 484-4000
60,229,Walgreens - Store Number: 4862,4343 N CENTRAL AVE,,Chicago,IL,60634,United States of America,www.walgreens.com/schedulevaccine,2021-03-01T00:00:00.000,2021-12-31T00:00:00.000,True,False,,"{'type': 'Point', 'coordinates': [-87.767198, 41.959985]}",21,15,22254,260,19,
61,256,Walgreens - Store Number: 7515,7155 W FOSTER PL,,Chicago,IL,60656,United States of America,www.walgreens.com/schedulevaccine,2021-03-01T00:00:00.000,2021-12-31T00:00:00.000,True,False,,"{'type': 'Point', 'coordinates': [-87.806503, 41.974693]}",31,36,4448,700,29,
62,30,"Aunt Martha's Health and Wellness, Inc.",5001 S Michigan Ave,,Chicago,IL,60615,United States of America,http://auntmarthas.org,2021-01-01T00:00:00.000,2021-12-31T00:00:00.000,True,False,Vaccine availability is limited and subject to change. Find more information using the link or phone number provided.,"{'type': 'Point', 'coordinates': [-87.622686, 41.803549]}",10,4,21192,449,9,(877) 692-8686
63,271,Walgreens - Store Number: 13798,5440 N CLARK ST,,Chicago,IL,60640,United States of America,www.walgreens.com/schedulevaccine,2021-03-01T00:00:00.000,2021-12-31T00:00:00.000,True,False,,"{'type': 'Point', 'coordinates': [-87.668394, 41.98112]}",15,76,22616,564,24,
64,87,PCC Community Wellness Center - Austin,5425 W Lake St,,Chicago,IL,60644,United States of America,https://www.pccwellness.org/covid-19,2021-01-01T00:00:00.000,2021-12-31T00:00:00.000,True,False,Vaccine availability is limited and subject to change. Find more information using the link or phone number provided.,"{'type': 'Point', 'coordinates': [-87.761128, 41.887265]}",32,26,22216,674,45,(773) 295-3347
65,140,Rush University Medical Center,1653 W Congress Pkwy,,Chicago,IL,60612,United States of America,https://www.rush.edu/patients-visitors/covid-19-resources/covid-19-vaccines/schedule-covid-19-vaccination,2021-01-28T00:00:00.000,2021-12-31T00:00:00.000,True,False,Open to current patients only.,"{'type': 'Point', 'coordinates': [-87.66851, 41.875166]}",28,29,21184,90,46,
66,103,Walgreens Store #2387,1616 E 87th St,,Chicago,IL,60617,United States of America,https://www.walgreens.com/topic/promotion/covid-vaccine.jsp,2021-01-01T00:00:00.000,2021-12-31T00:00:00.000,True,False,Vaccine availability is limited and subject to change. Find more information using the link or phone number provided.,"{'type': 'Point', 'coordinates': [-87.58418, 41.736934]}",25,44,21202,473,35,
67,224,Walgreens - Store Number: 4306,1633 W 95TH ST,,Chicago,IL,60643,United States of America,www.walgreens.com/schedulevaccine,2021-03-01T00:00:00.000,2021-12-31T00:00:00.000,True,False,,"{'type': 'Point', 'coordinates': [-87.663165, 41.721135]}",13,72,22212,592,13,
68,243,Walgreens - Store Number: 5724,7045 S PULASKI RD,,Chicago,IL,60629,United States of America,www.walgreens.com/schedulevaccine,2021-03-01T00:00:00.000,2021-12-31T00:00:00.000,True,False,,"{'type': 'Point', 'coordinates': [-87.722329, 41.764458]}",58,63,21867,317,15,
69,120,Walgreens Store #4519,1320 E 47th St,,Chicago,IL,60653,United States of America,https://www.walgreens.com/topic/promotion/covid-vaccine.jsp,2021-01-01T00:00:00.000,2021-12-31T00:00:00.000,True,False,Vaccine availability is limited and subject to change. Find more information using the link or phone number provided.,"{'type': 'Point', 'coordinates': [-87.593586, 41.809713]}",36,5,4301,450,10,
70,51,Howard Brown Health - Clark,6500 N Clark St,,Chicago,IL,60626,United States of America,https://howardbrown.org,2021-01-01T00:00:00.000,2021-12-31T00:00:00.000,True,False,Vaccine availability is limited and subject to change. Find more information using the link or phone number provided.,"{'type': 'Point', 'coordinates': [-87.671276, 41.999881]}",9,10,21853,242,24,(773) 388-1600
71,61,Mariano's Pharmacy 53100522,5201 N Sheridan Rd,,Chicago,IL,60640,United States of America,https://www.marianos.com/i/coronavirus-update/vaccine,2021-01-01T00:00:00.000,2021-12-31T00:00:00.000,True,False,Vaccine availability is limited and subject to change. Find more information using the link or phone number provided.,"{'type': 'Point', 'coordinates': [-87.655022, 41.976906]}",15,76,22616,93,16,
72,183,Walgreens Store #6297,6016 W 63RD ST,,Chicago,IL,60638,United States of America,https://www.walgreens.com/topic/promotion/covid-vaccine.jsp,2021-01-28T00:00:00.000,2021-12-31T00:00:00.000,True,False,Vaccine availability is limited and subject to change. The 1b Federal Program is currently only for 65+ and healthcare workers with a limited supply of 100 doses per store,"{'type': 'Point', 'coordinates': [-87.772166, 41.777886]}",7,62,22268,265,15,
73,93,Primecare Young Family Health Center,1431 N Western Ave,Ste 101,Chicago,IL,60622,United States of America,https://primecarehealth.org/,2021-01-01T00:00:00.000,2021-12-31T00:00:00.000,True,False,Open to current patients only.,"{'type': 'Point', 'coordinates': [-87.687092, 41.908298]}",4,25,21560,516,41,
74,215,Walgreens - Store Number: 1308,7410 N CLARK ST,,Chicago,IL,60626,United States of America,www.walgreens.com/schedulevaccine,2021-03-01T00:00:00.000,2021-12-31T00:00:00.000,True,False,,"{'type': 'Point', 'coordinates': [-87.675327, 42.016566]}",9,10,21853,489,5,
75,44,Friend Health - Pulaski,5635 S Pulaski Rd,,Chicago,IL,60629,United States of America,https://friendfhc.org/covid.html,2021-01-01T00:00:00.000,2021-12-31T00:00:00.000,True,False,Vaccine availability is limited and subject to change. Find more information using the link or phone number provided.,"{'type': 'Point', 'coordinates': [-87.722981, 41.7902]}",58,60,21867,774,15,
76,160,Walgreens Store #5867,3943 W 47TH ST,,Chicago,IL,60632,United States of America,https://www.walgreens.com/topic/promotion/covid-vaccine.jsp,2021-01-28T00:00:00.000,2021-12-31T00:00:00.000,True,False,Vaccine availability is limited and subject to change. The 1b Federal Program is currently only for 65+ and healthcare workers with a limited supply of 100 doses per store,"{'type': 'Point', 'coordinates': [-87.722773, 41.807904]}",56,54,22248,563,8,
77,188,ANGEL HEALTH CARE SERVICES S.C.,7906 S CARNDON AVE SUITE # 2,,CHICAGO,IL,60617,United States of America,,2021-01-26T00:00:00.000,2021-12-31T00:00:00.000,True,False,,"{'type': 'Point', 'coordinates': [-87.568673, 41.751248]}",25,42,21202,507,37,773-221-3333
78,56,Loretto Hospital,645 S Central Ave,,Chicago,IL,60644,United States of America,http://www.lorettohospital.org,2021-01-01T00:00:00.000,2021-12-31T00:00:00.000,True,False,Current and invited patients only (call to confirm),"{'type': 'Point', 'coordinates': [-87.764443, 41.872042]}",32,26,22216,61,7,(312) 626-4300
79,110,Walgreens Store #3074,4700 S Halsted St,,Chicago,IL,60609,United States of America,https://www.walgreens.com/topic/promotion/covid-vaccine.jsp,2021-01-01T00:00:00.000,2021-12-31T00:00:00.000,True,False,Vaccine availability is limited and subject to change. Find more information using the link or phone number provided.,"{'type': 'Point', 'coordinates': [-87.645576, 41.808643]}",37,59,14924,708,4,
80,252,Walgreens - Store Number: 7250,2345 W 103RD ST,,Chicago,IL,60643,United States of America,www.walgreens.com/schedulevaccine,2021-03-01T00:00:00.000,2021-12-31T00:00:00.000,True,False,,"{'type': 'Point', 'coordinates': [-87.680785, 41.706353]}",13,71,22212,609,42,
81,275,Walgreens - Store Number: 15992,2500 N CLARK ST,,Chicago,IL,60614,United States of America,www.walgreens.com/schedulevaccine,2021-03-01T00:00:00.000,2021-12-31T00:00:00.000,True,False,,"{'type': 'Point', 'coordinates': [-87.641865, 41.92793]}",16,68,21190,18,34,
82,220,Walgreens - Store Number: 1593,5230 N MILWAUKEE AVE,,Chicago,IL,60630,United States of America,www.walgreens.com/schedulevaccine,2021-03-01T00:00:00.000,2021-12-31T00:00:00.000,True,False,,"{'type': 'Point', 'coordinates': [-87.767617, 41.975417]}",48,11,21869,780,50,
83,86,PCC West Town Family Health Center,1044 N Mozart St,Ste 100,Chicago,IL,60622,United States of America,https://www.pccwellness.org/covid-19,2021-01-01T00:00:00.000,2021-12-31T00:00:00.000,True,False,Vaccine availability is limited and subject to change. Find more information using the link or phone number provided.,"{'type': 'Point', 'coordinates': [-87.698071, 41.900626]}",4,25,21560,301,49,
84,115,Walgreens Store #3950,4343 N Kedzie Ave,,Chicago,IL,60618,United States of America,https://www.walgreens.com/topic/promotion/covid-vaccine.jsp,2021-01-01T00:00:00.000,2021-12-31T00:00:00.000,True,False,Vaccine availability is limited and subject to change. Find more information using the link or phone number provided.,"{'type': 'Point', 'coordinates': [-87.708216, 41.960546]}",39,16,21538,214,20,
85,247,Walgreens - Store Number: 6297,6016 W 63RD ST,,Chicago,IL,60638,United States of America,www.walgreens.com/schedulevaccine,2021-03-01T00:00:00.000,2021-12-31T00:00:00.000,True,False,,"{'type': 'Point', 'coordinates': [-87.772166, 41.777886]}",7,62,22268,265,15,
86,179,Walgreens  Store #9438,30 N MICHIGAN AVE,,Chicago,IL,60602,United States of America,https://www.walgreens.com/topic/promotion/covid-vaccine.jsp,2021-01-28T00:00:00.000,2021-12-31T00:00:00.000,True,False,Vaccine availability is limited and subject to change. The 1b Federal Program is currently only for 65+ and healthcare workers with a limited supply of 100 doses per store,"{'type': 'Point', 'coordinates': [-87.624475, 41.882435]}",41,38,14310,580,36,
87,33,Chicago Family Health Center - Chicago Lawn,3223 W 63rd St,,Chicago,IL,60629,United States of America,https://chicagofamilyhealth.org/,2021-01-01T00:00:00.000,2021-12-31T00:00:00.000,True,False,Vaccine availability is limited and subject to change. Find more information using the link or phone number provided.,"{'type': 'Point', 'coordinates': [-87.704082, 41.778964]}",58,64,21867,344,6,(773) 768-5000
88,211,Walgreens - Store Number: 259,3358 N WESTERN AVE,,Chicago,IL,60618,United States of America,www.walgreens.com/schedulevaccine,2021-03-01T00:00:00.000,2021-12-31T00:00:00.000,True,False,,"{'type': 'Point', 'coordinates': [-87.688186, 41.943165]}",39,46,21538,110,18,
89,76,Oak Street Health Bronzeville,4318 S State St,,Chicago,IL,60660,United States of America,https://www.oakstreethealth.com/covid-19-vaccine,2021-01-01T00:00:00.000,2021-12-31T00:00:00.000,True,False,Vaccine availability is limited and subject to change. Find more information using the link or phone number provided.,"{'type': 'Point', 'coordinates': [-87.62631, 41.815781]}",37,4,14924,219,9,773-209-5333
90,192,PIC - Jefferson Park,5228 Northwest Hwy,,Chicago,IL,60630,United States of America,https://physiciansimmediatecare.com/covid-19-vaccination-locations/,2021-02-17T00:00:00.000,2021-12-31T00:00:00.000,True,False,,"{'type': 'Point', 'coordinates': [-87.769154, 41.975548]}",48,11,21869,693,50,
91,164,Walgreens Store #13454,6140 N WESTERN AVE,,Chicago,IL,60659,United States of America,https://www.walgreens.com/topic/promotion/covid-vaccine.jsp,2021-01-28T00:00:00.000,2021-12-31T00:00:00.000,True,False,Vaccine availability is limited and subject to change. The 1b Federal Program is currently only for 65+ and healthcare workers with a limited supply of 100 doses per store,"{'type': 'Point', 'coordinates': [-87.689824, 41.993469]}",50,20,4450,31,24,
92,132,Walmart Store #3110,7535 S Ashland Ave,,Chicago,IL,60620,United States of America,https://www.walmart.com/cp/1228302,2021-01-01T00:00:00.000,2021-12-31T00:00:00.000,True,False,Vaccine availability is limited and subject to change. Find more information using the link or phone number provided.,"{'type': 'Point', 'coordinates': [-87.663538, 41.756362]}",59,70,21554,557,31,
93,147,Walgreens  Store #258,1650 W CHICAGO AVE,,Chicago,IL,60622,United States of America,https://www.walgreens.com/topic/promotion/covid-vaccine.jsp,2021-01-28T00:00:00.000,2021-12-31T00:00:00.000,True,False,Vaccine availability is limited and subject to change. The 1b Federal Program is currently only for 65+ and healthcare workers with a limited supply of 100 doses per store,"{'type': 'Point', 'coordinates': [-87.668924, 41.896051]}",4,25,21560,518,41,
94,248,Walgreens - Store Number: 6727,4720 N MARINE DR,,Chicago,IL,60640,United States of America,www.walgreens.com/schedulevaccine,2021-03-01T00:00:00.000,2021-12-31T00:00:00.000,True,False,,"{'type': 'Point', 'coordinates': [-87.649282, 41.967817]}",15,31,22616,636,39,
95,127,Walgreens Store #10558,250 S Wacker Dr,Lbby 1,Chicago,IL,60606,United States of America,https://www.walgreens.com/topic/promotion/covid-vaccine.jsp,2021-01-01T00:00:00.000,2021-12-31T00:00:00.000,True,False,Vaccine availability is limited and subject to change. Find more information using the link or phone number provided.,"{'type': 'Point', 'coordinates': [-87.636917, 41.878217]}",46,38,14914,92,36,
96,216,Walgreens - Store Number: 1310,3110 W ARMITAGE AVE,,Chicago,IL,60647,United States of America,www.walgreens.com/schedulevaccine,2021-03-01T00:00:00.000,2021-12-31T00:00:00.000,True,False,,"{'type': 'Point', 'coordinates': [-87.705973, 41.917418]}",1,23,22535,371,40,
97,235,Walgreens - Store Number: 5033,2015 E 79TH ST,,Chicago,IL,60649,United States of America,www.walgreens.com/schedulevaccine,2021-03-01T00:00:00.000,2021-12-31T00:00:00.000,True,False,,"{'type': 'Point', 'coordinates': [-87.575298, 41.751614]}",25,42,22538,420,35,
98,114,Walgreens Store #3949,3046 N Halsted St,,Chicago,IL,60657,United States of America,https://www.walgreens.com/topic/promotion/covid-vaccine.jsp,2021-01-01T00:00:00.000,2021-12-31T00:00:00.000,True,False,Vaccine availability is limited and subject to change. Find more information using the link or phone number provided.,"{'type': 'Point', 'coordinates': [-87.649177, 41.937783]}",22,57,4449,682,25,
99,196,PIC - Old Town,121 W. North Ave,,Chicago,IL,60610,United States of America,https://physiciansimmediatecare.com/covid-19-vaccination-locations/,2021-02-17T00:00:00.000,2021-12-31T00:00:00.000,True,False,,"{'type': 'Point', 'coordinates': [-87.632637, 41.911194]}",16,68,21190,271,11,
100,36,Christian Community Health Center,9718 S. Halsted,,Chicago,IL,60628,United States of America,https://cchc-online.org/,2021-01-01T00:00:00.000,2021-12-31T00:00:00.000,True,False,Vaccine availability is limited and subject to change. Find more information using the link or phone number provided.,"{'type': 'Point', 'coordinates': [-87.643191, 41.716982]}",13,72,21861,592,22,(773) 233-4100
101,152,Walgreens  Store #15004,953 W IRVING PARK RD,,Chicago,IL,60613,United States of America,https://www.walgreens.com/topic/promotion/covid-vaccine.jsp,2021-01-28T00:00:00.000,2021-12-31T00:00:00.000,True,False,Vaccine availability is limited and subject to change. The 1b Federal Program is currently only for 65+ and healthcare workers with a limited supply of 100 doses per store,"{'type': 'Point', 'coordinates': [-87.654117, 41.954503]}",53,31,21186,577,39,
102,64,Mariano's Pharmacy 53100538,3030 N Broadway St,Ste 10,Chicago,IL,60657,United States of America,https://www.marianos.com/i/coronavirus-update/vaccine,2021-01-01T00:00:00.000,2021-12-31T00:00:00.000,True,False,Vaccine availability is limited and subject to change. Find more information using the link or phone number provided.,"{'type': 'Point', 'coordinates': [-87.644291, 41.937393]}",22,57,4449,683,25,
103,157,Walgreens  Store #1310,3110 W ARMITAGE AVE,,Chicago,IL,60647,United States of America,https://www.walgreens.com/topic/promotion/covid-vaccine.jsp,2021-01-28T00:00:00.000,2021-12-31T00:00:00.000,True,False,Vaccine availability is limited and subject to change. The 1b Federal Program is currently only for 65+ and healthcare workers with a limited supply of 100 doses per store,"{'type': 'Point', 'coordinates': [-87.705973, 41.917418]}",1,23,22535,371,40,
104,96,Ruth M. Rothstein Core Center,2020 W Harrison St,,Chicago,IL,60612,United States of America,https://cookcountyhealth.org/locations/ruth-m-rothstein-core-center/,2021-01-01T00:00:00.000,2021-12-31T00:00:00.000,True,False,Vaccine availability is limited and subject to change. Find more information using the link or phone number provided.,"{'type': 'Point', 'coordinates': [-87.67695, 41.874065]}",28,29,21184,89,46,(312) 572-4500
105,151,Walgreens Store #4937,5753 N CANFIELD AVE,,Chicago,IL,60631,United States of America,https://www.walgreens.com/topic/promotion/covid-vaccine.jsp,2021-01-28T00:00:00.000,2021-12-31T00:00:00.000,True,False,Vaccine availability is limited and subject to change. The 1b Federal Program is currently only for 65+ and healthcare workers with a limited supply of 100 doses per store,"{'type': 'Point', 'coordinates': [-87.823247, 41.984894]}",17,36,22243,734,29,
106,123,Walgreens Store #5057,3153 W Irving Park Rd,,Chicago,IL,60618,United States of America,https://www.walgreens.com/topic/promotion/covid-vaccine.jsp,2021-01-01T00:00:00.000,2021-12-31T00:00:00.000,True,False,Vaccine availability is limited and subject to change. Find more information using the link or phone number provided.,"{'type': 'Point', 'coordinates': [-87.707383, 41.953888]}",39,16,21538,372,20,
107,267,Walgreens - Store Number: 12150,5158 N LINCOLN AVE,,Chicago,IL,60625,United States of America,www.walgreens.com/schedulevaccine,2021-03-01T00:00:00.000,2021-12-31T00:00:00.000,True,False,,"{'type': 'Point', 'coordinates': [-87.692359, 41.975717]}",20,6,21849,28,24,
108,25,ACHN at Jorge Prieto Health Center,2424 S Pulaski Rd,,Chicago,IL,60623,United States of America,https://cookcountyhealth.org/locations/dr-jorge-prieto-health-center/,2021-01-01T00:00:00.000,2021-12-31T00:00:00.000,True,False,Vaccine availability is limited and subject to change. Find more information using the link or phone number provided.,"{'type': 'Point', 'coordinates': [-87.724629, 41.847003]}",57,32,21569,771,28,(773) 521-0750
109,228,Walgreens - Store Number: 4542,5625 N RIDGE AVE,,Chicago,IL,60660,United States of America,www.walgreens.com/schedulevaccine,2021-03-01T00:00:00.000,2021-12-31T00:00:00.000,True,False,,"{'type': 'Point', 'coordinates': [-87.660897, 41.984142]}",14,76,4451,539,16,
110,189,PIC - Bucktown,1702 N. Milwaukee,,Chicago,IL,60647,United States of America,https://physiciansimmediatecare.com/covid-19-vaccination-locations/,2021-02-17T00:00:00.000,2021-12-31T00:00:00.000,True,False,,"{'type': 'Point', 'coordinates': [-87.680456, 41.912325]}",1,25,22535,179,40,
111,55,Logan Square Health Center of Cook County,2840 W Fullerton Ave,,Chicago,IL,60647,United States of America,https://cookcountyhealth.org/locations/logan-square-health-center/,2021-01-01T00:00:00.000,2021-12-31T00:00:00.000,True,False,Vaccine availability is limited and subject to change. Find more information using the link or phone number provided.,"{'type': 'Point', 'coordinates': [-87.69909, 41.924842]}",1,23,22535,548,41,(773) 395-7400
112,57,Mariano's Pharmacy 53100507,5353 N Elston Ave,,Chicago,IL,60630,United States of America,https://www.marianos.com/i/coronavirus-update/vaccine,2021-01-01T00:00:00.000,2021-12-31T00:00:00.000,True,False,Vaccine availability is limited and subject to change. Find more information using the link or phone number provided.,"{'type': 'Point', 'coordinates': [-87.757473, 41.978765]}",48,11,21869,128,50,
113,171,Walgreens  Store #259,3358 N WESTERN AVE,,Chicago,IL,60618,United States of America,https://www.walgreens.com/topic/promotion/covid-vaccine.jsp,2021-01-28T00:00:00.000,2021-12-31T00:00:00.000,True,False,Vaccine availability is limited and subject to change. The 1b Federal Program is currently only for 65+ and healthcare workers with a limited supply of 100 doses per store,"{'type': 'Point', 'coordinates': [-87.688186, 41.943165]}",39,46,21538,110,18,
114,68,Mile Square Health Center - South Shore,7037 S Stony Island Ave,,Chicago,IL,60649,United States of America,https://hospital.uillinois.edu/patients-and-visitors/mile-square-federally-qualified-health-center/locations/south-shore,2021-01-01T00:00:00.000,2021-12-31T00:00:00.000,True,False,Vaccine availability is limited and subject to change. Find more information using the link or phone number provided.,"{'type': 'Point', 'coordinates': [-87.585939, 41.766677]}",24,39,22538,381,33,(312) 996-2000
115,184,Walgreens Store #15197,6121 N BROADWAY ST,,Chicago,IL,60660,United States of America,https://www.walgreens.com/topic/promotion/covid-vaccine.jsp,2021-01-28T00:00:00.000,2021-12-31T00:00:00.000,True,False,Vaccine availability is limited and subject to change. The 1b Federal Program is currently only for 65+ and healthcare workers with a limited supply of 100 doses per store,"{'type': 'Point', 'coordinates': [-87.660288, 41.992929]}",14,76,4451,46,16,
116,85,PCC Wellness at West Suburban Hospital,1 Erie Ct,Ste 7140,Oak Park,IL,60302,United States of America,https://www.pccwellness.org/covid-19,2021-01-01T00:00:00.000,2021-12-31T00:00:00.000,True,False,Vaccine availability is limited and subject to change. Find more information using the link or phone number provided.,"{'type': 'Point', 'coordinates': [-87.777466, 41.89184]}",,,26615,,,
117,203,Walgreens - Store Number:162,1554 E 55TH ST,,Chicago,IL,60615,United States of America,www.walgreens.com/schedulevaccine,2021-03-01T00:00:00.000,2021-12-31T00:00:00.000,True,False,,"{'type': 'Point', 'coordinates': [-87.588157, 41.795267]}",10,8,21192,500,33,
118,40,Esperanza Health Center - Brighton Park,4700 S California Ave,,Chicago,IL,60632,United States of America,https://www.esperanzachicago.org/,2021-01-01T00:00:00.000,2021-12-31T00:00:00.000,True,False,Vaccine availability is limited and subject to change. Find more information using the link or phone number provided.,"{'type': 'Point', 'coordinates': [-87.69422, 41.808305]}",56,55,22248,85,3,
119,172,Walgreens Store #4542,5625 N RIDGE AVE,,Chicago,IL,60660,United States of America,https://www.walgreens.com/topic/promotion/covid-vaccine.jsp,2021-01-28T00:00:00.000,2021-12-31T00:00:00.000,True,False,Vaccine availability is limited and subject to change. The 1b Federal Program is currently only for 65+ and healthcare workers with a limited supply of 100 doses per store,"{'type': 'Point', 'coordinates': [-87.660897, 41.984142]}",14,76,4451,539,16,
120,199,PIC - West Loop,600 W Adams St,,Chicago,IL,60661,United States of America,https://physiciansimmediatecare.com/covid-19-vaccination-locations/,2021-02-17T00:00:00.000,2021-12-31T00:00:00.000,True,False,,"{'type': 'Point', 'coordinates': [-87.642683, 41.879284]}",45,29,4452,786,36,
121,214,Walgreens - Store Number: 1298,1372 N MILWAUKEE AVE,,Chicago,IL,60622,United States of America,www.walgreens.com/schedulevaccine,2021-03-01T00:00:00.000,2021-12-31T00:00:00.000,True,False,,"{'type': 'Point', 'coordinates': [-87.671916, 41.90684]}",4,25,21560,482,41,
122,45,Friend Health - Western,5843 S Western Ave,,Chicago,IL,60636,United States of America,https://friendfhc.org/covid.html,2021-01-01T00:00:00.000,2021-12-31T00:00:00.000,True,False,Vaccine availability is limited and subject to change. Find more information using the link or phone number provided.,"{'type': 'Point', 'coordinates': [-87.683804, 41.786964]}",23,61,22257,112,2,
123,67,Mile Square Health Center - Englewood,641 W 63rd St,,Chicago,IL,60621,United States of America,https://hospital.uillinois.edu/patients-and-visitors/mile-square-federally-qualified-health-center/locations/englewood,2021-01-01T00:00:00.000,2021-12-31T00:00:00.000,True,False,Vaccine availability is limited and subject to change. Find more information using the link or phone number provided.,"{'type': 'Point', 'coordinates': [-87.641245, 41.779814]}",11,66,21559,435,2,(312) 996-2000
124,82,"PCC at Healthcare Alternative Systems, Inc.",4534 S Western Ave,,Chicago,IL,60609,United States of America,https://www.pccwellness.org/covid-19,2021-01-01T00:00:00.000,2021-12-31T00:00:00.000,True,False,Vaccine availability is limited and subject to change. Find more information using the link or phone number provided.,"{'type': 'Point', 'coordinates': [-87.684502, 41.810918]}",37,55,14924,687,3,
125,141,UI Health - UIC Credit Union 1 Arena,525 S Racine Ave,,Chicago,Il,60607,United States of America,https://hospital.uillinois.edu/primary-and-specialty-care/infectious-diseases/covid-19-coronavirus/vaccine,2021-01-28T00:00:00.000,2021-12-31T00:00:00.000,True,False,Open to community and current patients.,"{'type': 'Point', 'coordinates': [-87.65659, 41.869414]}",44,29,14917,87,26,
126,227,Walgreens - Store Number: 4494,1649 W BELMONT AVE,,Chicago,IL,60657,United States of America,www.walgreens.com/schedulevaccine,2021-03-01T00:00:00.000,2021-12-31T00:00:00.000,True,False,,"{'type': 'Point', 'coordinates': [-87.670252, 41.939691]}",22,57,4449,742,18,
127,50,Howard Brown Health - 63rd St,641 W 63rd St,,Chicago,IL,60621,United States of America,https://howardbrown.org,2021-01-01T00:00:00.000,2021-12-31T00:00:00.000,True,False,Vaccine availability is limited and subject to change. Find more information using the link or phone number provided.,"{'type': 'Point', 'coordinates': [-87.641245, 41.779814]}",11,66,21559,435,2,(773) 388-1600
128,94,Roseland Community Hospital,45 W 111th St,,Chicago,IL,60628,United States of America,http://www.roselandhospital.org/,2021-01-01T00:00:00.000,2021-12-31T00:00:00.000,True,False,For current and invited patients only,"{'type': 'Point', 'coordinates': [-87.624734, 41.692562]}",19,45,21861,660,22,(773) 995-3000
129,35,Chicago Family Health Center - Roseland,120 W 111th St,,Chicago,IL,60628,United States of America,https://chicagofamilyhealth.org/,2021-01-01T00:00:00.000,2021-12-31T00:00:00.000,True,False,Vaccine availability is limited and subject to change. Find more information using the link or phone number provided.,"{'type': 'Point', 'coordinates': [-87.626799, 41.692536]}",19,45,21861,660,22,(773) 768-5000
130,77,Oak Street Health Edgewater,1541 W Devon Ave,,Chicago,IL,60639,United States of America,https://www.oakstreethealth.com/covid-19-vaccine,2021-01-01T00:00:00.000,2021-12-31T00:00:00.000,True,False,Vaccine availability is limited and subject to change. Find more information using the link or phone number provided.,"{'type': 'Point', 'coordinates': [-87.669513, 41.998032]}",14,76,4451,536,16,773-209-5333
131,167,Walgreens Store #7179,2 E ROOSEVELT RD,,Chicago,IL,60605,United States of America,https://www.walgreens.com/topic/promotion/covid-vaccine.jsp,2021-01-28T00:00:00.000,2021-12-31T00:00:00.000,True,False,Vaccine availability is limited and subject to change. The 1b Federal Program is currently only for 65+ and healthcare workers with a limited supply of 100 doses per store,"{'type': 'Point', 'coordinates': [-87.62717, 41.867498]}",35,38,14913,368,10,
132,72,Norwegian American Hospital,1044 N Francisco Ave,,Chicago,IL,60652,United States of America,https://www.nahospital.org/,2021-01-01T00:00:00.000,2021-12-31T00:00:00.000,True,False,Open to current patients only.,"{'type': 'Point', 'coordinates': [-87.699288, 41.900481]}",4,25,21560,301,49,(773) 292-8363
133,259,Walgreens - Store Number: 9000,2001 N MILWAUKEE AVE,,Chicago,IL,60647,United States of America,www.walgreens.com/schedulevaccine,2021-03-01T00:00:00.000,2021-12-31T00:00:00.000,True,False,,"{'type': 'Point', 'coordinates': [-87.688596, 41.917601]}",1,23,22535,323,41,
134,204,Walgreens - Store Number:194,4801 N LINCOLN AVE,,Chicago,IL,60625,United States of America,www.walgreens.com/schedulevaccine,2021-03-01T00:00:00.000,2021-12-31T00:00:00.000,True,False,,"{'type': 'Point', 'coordinates': [-87.689241, 41.969836]}",20,6,21849,28,24,
135,104,Walgreens Store #2586,2301 W Irving Park Rd,,Chicago,IL,60618,United States of America,https://www.walgreens.com/topic/promotion/covid-vaccine.jsp,2021-01-01T00:00:00.000,2021-12-31T00:00:00.000,True,False,Vaccine availability is limited and subject to change. Find more information using the link or phone number provided.,"{'type': 'Point', 'coordinates': [-87.686053, 41.954021]}",39,46,21538,613,18,
136,182,Walgreens Store #9709,4010 W LAWRENCE AVE,,Chicago,IL,60630,United States of America,https://www.walgreens.com/topic/promotion/covid-vaccine.jsp,2021-01-28T00:00:00.000,2021-12-31T00:00:00.000,True,False,Vaccine availability is limited and subject to change. The 1b Federal Program is currently only for 65+ and healthcare workers with a limited supply of 100 doses per store,"{'type': 'Point', 'coordinates': [-87.728507, 41.968274]}",48,14,21869,751,38,
137,210,Walgreens - Store Number: 258,1650 W CHICAGO AVE,,Chicago,IL,60622,United States of America,www.walgreens.com/schedulevaccine,2021-03-01T00:00:00.000,2021-12-31T00:00:00.000,True,False,,"{'type': 'Point', 'coordinates': [-87.668924, 41.896051]}",4,25,21560,518,41,
138,195,PIC - North Center,3909 N. Western,,Chicago,IL,60618,United States of America,https://physiciansimmediatecare.com/covid-19-vaccination-locations/,2021-02-17T00:00:00.000,2021-12-31T00:00:00.000,True,False,,"{'type': 'Point', 'coordinates': [-87.688336, 41.952426]}",39,46,21538,613,18,
139,136,Walmart Store #5645,2844 N Broadway St,,Chicago,IL,60657,United States of America,https://www.walmart.com/cp/1228302,2021-01-01T00:00:00.000,2021-12-31T00:00:00.000,True,False,Vaccine availability is limited and subject to change. Find more information using the link or phone number provided.,"{'type': 'Point', 'coordinates': [-87.644278, 41.934267]}",22,57,4449,684,25,
140,242,Walgreens - Store Number: 5387,79 W MONROE ST,,Chicago,IL,60603,United States of America,www.walgreens.com/schedulevaccine,2021-03-01T00:00:00.000,2021-12-31T00:00:00.000,True,False,,"{'type': 'Point', 'coordinates': [-87.630177, 41.880701]}",34,38,14311,92,36,
141,130,Walgreens Store #15065,1601 N Milwaukee Ave,,Chicago,IL,60647,United States of America,https://www.walgreens.com/topic/promotion/covid-vaccine.jsp,2021-01-01T00:00:00.000,2021-12-31T00:00:00.000,True,False,Vaccine availability is limited and subject to change. Find more information using the link or phone number provided.,"{'type': 'Point', 'coordinates': [-87.677686, 41.91053]}",1,25,22535,179,11,
142,253,Walgreens - Store Number: 7267,650 W 63RD ST,,Chicago,IL,60621,United States of America,www.walgreens.com/schedulevaccine,2021-03-01T00:00:00.000,2021-12-31T00:00:00.000,True,False,,"{'type': 'Point', 'coordinates': [-87.641655, 41.779811]}",11,66,21559,435,2,
143,99,"TCA Health, Inc.",1029 E 130th St,,Chicago,IL,60628,United States of America,http://tcahealth.org,2021-01-01T00:00:00.000,2021-12-31T00:00:00.000,True,False,Vaccine availability is limited and subject to change. Find more information using the link or phone number provided.,"{'type': 'Point', 'coordinates': [-87.595555, 41.659714]}",47,51,21861,9,43,(773) 995-6300
144,28,Austin Health Center of Cook County,4800 W Chicago Ave,,Chicago,IL,60651,United States of America,https://cookcountyhealth.org/locations/austin-health-center/,2021-01-01T00:00:00.000,2021-12-31T00:00:00.000,True,False,Vaccine availability is limited and subject to change. Find more information using the link or phone number provided.,"{'type': 'Point', 'coordinates': [-87.746091, 41.895034]}",5,26,4299,578,45,(773) 826-9600
145,268,Walgreens - Store Number: 12426,315 W CHICAGO AVE,,Chicago,IL,60654,United States of America,www.walgreens.com/schedulevaccine,2021-03-01T00:00:00.000,2021-12-31T00:00:00.000,True,False,,"{'type': 'Point', 'coordinates': [-87.636445, 41.896586]}",54,37,14926,652,46,
146,62,Mariano's Pharmacy 53100527,2021 W Chicago Ave,,Chicago,IL,60622,United States of America,https://www.marianos.com/i/coronavirus-update/vaccine,2021-01-01T00:00:00.000,2021-12-31T00:00:00.000,True,False,Vaccine availability is limited and subject to change. Find more information using the link or phone number provided.,"{'type': 'Point', 'coordinates': [-87.677972, 41.895918]}",4,25,21560,476,11,
147,116,Walgreens Store #3961,2340 W Madison St,,Chicago,IL,60612,United States of America,https://www.walgreens.com/topic/promotion/covid-vaccine.jsp,2021-01-01T00:00:00.000,2021-12-31T00:00:00.000,True,False,Vaccine availability is limited and subject to change. Find more information using the link or phone number provided.,"{'type': 'Point', 'coordinates': [-87.684861, 41.881226]}",28,29,21184,37,46,
148,231,Walgreens - Store Number: 4937,5753 N CANFIELD AVE,,Chicago,IL,60631,United States of America,www.walgreens.com/schedulevaccine,2021-03-01T00:00:00.000,2021-12-31T00:00:00.000,True,False,,"{'type': 'Point', 'coordinates': [-87.823247, 41.984894]}",17,36,22243,734,29,
149,121,Walgreens Store #4752,316 W Cermak Rd,,Chicago,IL,60616,United States of America,https://www.walgreens.com/topic/promotion/covid-vaccine.jsp,2021-01-01T00:00:00.000,2021-12-31T00:00:00.000,True,False,Vaccine availability is limited and subject to change. Find more information using the link or phone number provided.,"{'type': 'Point', 'coordinates': [-87.635599, 41.852916]}",40,35,21194,3,26,
150,163,Walgreens Store #4461,501 W ROOSEVELT RD,,Chicago,IL,60607,United States of America,https://www.walgreens.com/topic/promotion/covid-vaccine.jsp,2021-01-28T00:00:00.000,2021-12-31T00:00:00.000,True,False,Vaccine availability is limited and subject to change. The 1b Federal Program is currently only for 65+ and healthcare workers with a limited supply of 100 doses per store,"{'type': 'Point', 'coordinates': [-87.639319, 41.86723]}",44,29,14917,97,48,
151,236,Walgreens - Store Number: 5034,6315 S KEDZIE AVE,,Chicago,IL,60629,United States of America,www.walgreens.com/schedulevaccine,2021-03-01T00:00:00.000,2021-12-31T00:00:00.000,True,False,,"{'type': 'Point', 'coordinates': [-87.703131, 41.778351]}",58,64,21867,293,31,
152,109,Walgreens Store #3072,641 N Clark St,,Chicago,IL,60654,United States of America,https://www.walgreens.com/topic/promotion/covid-vaccine.jsp,2021-01-01T00:00:00.000,2021-12-31T00:00:00.000,True,False,Vaccine availability is limited and subject to change. Find more information using the link or phone number provided.,"{'type': 'Point', 'coordinates': [-87.631165, 41.893542]}",55,37,4446,670,36,
153,89,Primecare Fullerton Health Center,3924 W Fullerton Ave,,Chicago,IL,60647,United States of America,https://primecarehealth.org/,2021-01-01T00:00:00.000,2021-12-31T00:00:00.000,True,False,Open to current patients only.,"{'type': 'Point', 'coordinates': [-87.725378, 41.924555]}",1,23,22535,186,17,
154,263,Walgreens - Store Number: 10350,7109 S JEFFERY BLVD,,Chicago,IL,60649,United States of America,www.walgreens.com/schedulevaccine,2021-03-01T00:00:00.000,2021-12-31T00:00:00.000,True,False,,"{'type': 'Point', 'coordinates': [-87.576292, 41.765683]}",24,39,22538,452,33,
155,274,Walgreens - Store Number: 15350,834 W ARMITAGE AVE,,Chicago,IL,60614,United States of America,www.walgreens.com/schedulevaccine,2021-03-01T00:00:00.000,2021-12-31T00:00:00.000,True,False,,"{'type': 'Point', 'coordinates': [-87.649821, 41.918154]}",16,68,21190,168,34,
156,178,Walgreens Store #15992,2500 N CLARK ST,,Chicago,IL,60614,United States of America,https://www.walgreens.com/topic/promotion/covid-vaccine.jsp,2021-01-28T00:00:00.000,2021-12-31T00:00:00.000,True,False,Vaccine availability is limited and subject to change. The 1b Federal Program is currently only for 65+ and healthcare workers with a limited supply of 100 doses per store,"{'type': 'Point', 'coordinates': [-87.641865, 41.92793]}",16,68,21190,18,34,
157,221,Walgreens - Store Number: 2025,3000 S HALSTED ST,,Chicago,IL,60608,United States of America,www.walgreens.com/schedulevaccine,2021-03-01T00:00:00.000,2021-12-31T00:00:00.000,True,False,,"{'type': 'Point', 'coordinates': [-87.646321, 41.839849]}",40,58,14920,688,48,
158,126,Walgreens Store #6641,1614 W 47th St,,Chicago,IL,60609,United States of America,https://www.walgreens.com/topic/promotion/covid-vaccine.jsp,2021-01-01T00:00:00.000,2021-12-31T00:00:00.000,True,False,Vaccine availability is limited and subject to change. Find more information using the link or phone number provided.,"{'type': 'Point', 'coordinates': [-87.66575, 41.808651]}",37,59,14924,738,3,
159,153,Walgreens  Store #11492,5414 S ARCHER AVE,,Chicago,IL,60638,United States of America,https://www.walgreens.com/topic/promotion/covid-vaccine.jsp,2021-01-28T00:00:00.000,2021-12-31T00:00:00.000,True,False,Vaccine availability is limited and subject to change. The 1b Federal Program is currently only for 65+ and healthcare workers with a limited supply of 100 doses per store,"{'type': 'Point', 'coordinates': [-87.743617, 41.798645]}",7,53,22268,173,8,
160,246,Walgreens - Store Number: 5926,4385 S ARCHER AVE,,Chicago,IL,60632,United States of America,www.walgreens.com/schedulevaccine,2021-03-01T00:00:00.000,2021-12-31T00:00:00.000,True,False,,"{'type': 'Point', 'coordinates': [-87.705004, 41.813665]}",56,55,22248,640,8,
161,158,Walgreens Store #147,3611 E 106TH ST,,Chicago,IL,60617,United States of America,https://www.walgreens.com/topic/promotion/covid-vaccine.jsp,2021-01-28T00:00:00.000,2021-12-31T00:00:00.000,True,False,Vaccine availability is limited and subject to change. The 1b Federal Program is currently only for 65+ and healthcare workers with a limited supply of 100 doses per store,"{'type': 'Point', 'coordinates': [-87.535999, 41.70273]}",25,49,21202,602,47,
162,249,Walgreens - Store Number: 6762,11833 S WESTERN AVE,,Chicago,IL,60643,United States of America,www.walgreens.com/schedulevaccine,2021-03-01T00:00:00.000,2021-12-31T00:00:00.000,True,False,,"{'type': 'Point', 'coordinates': [-87.680658, 41.677806]}",13,74,22212,378,42,
163,27,Alivio - Morgan,966 W 21st St,,Chicago,IL,60608,United States of America,https://www.aliviomedicalcenter.org/locations/morgan-street,2021-01-01T00:00:00.000,2021-12-31T00:00:00.000,True,False,Vaccine availability is limited and subject to change. Find more information using the link or phone number provided.,"{'type': 'Point', 'coordinates': [-87.650689, 41.853905]}",43,33,14920,250,26,(773) 254-1400
164,264,Walgreens - Store Number: 10558,250 S WACKER DR,,Chicago,IL,60606,United States of America,www.walgreens.com/schedulevaccine,2021-03-01T00:00:00.000,2021-12-31T00:00:00.000,True,False,,"{'type': 'Point', 'coordinates': [-87.636917, 41.878217]}",46,38,14914,92,36,
165,101,Walgreens Store #1417,1931 W Cermak Rd,,Chicago,IL,60608,United States of America,https://www.walgreens.com/topic/promotion/covid-vaccine.jsp,2021-01-01T00:00:00.000,2021-12-31T00:00:00.000,True,False,Vaccine availability is limited and subject to change. Find more information using the link or phone number provided.,"{'type': 'Point', 'coordinates': [-87.674125, 41.852232]}",43,33,14920,366,26,
166,190,PIC - Clybourn,2077 N. Clybourn Ave,,Chicago,IL,60614,United States of America,https://physiciansimmediatecare.com/covid-19-vaccination-locations/,2021-02-17T00:00:00.000,2021-12-31T00:00:00.000,True,False,,"{'type': 'Point', 'coordinates': [-87.660843, 41.91904]}",16,68,21190,210,11,
167,58,Mariano's Pharmacy 53100515,1800 W Lawrence Ave,,Chicago,IL,60640,United States of America,https://www.marianos.com/i/coronavirus-update/vaccine,2021-01-01T00:00:00.000,2021-12-31T00:00:00.000,True,False,Vaccine availability is limited and subject to change. Find more information using the link or phone number provided.,"{'type': 'Point', 'coordinates': [-87.675062, 41.968858]}",15,6,22616,106,18,
168,185,Walgreens Store #5089,7111 S WESTERN AVE,,Chicago,IL,60636,United States of America,https://www.walgreens.com/topic/promotion/covid-vaccine.jsp,2021-01-28T00:00:00.000,2021-12-31T00:00:00.000,True,False,Vaccine availability is limited and subject to change. The 1b Federal Program is currently only for 65+ and healthcare workers with a limited supply of 100 doses per store,"{'type': 'Point', 'coordinates': [-87.683157, 41.764259]}",23,64,22257,333,30,
169,278,Instavaxx LLC,2674 North Halsted Street,,Chicago,IL,60614,United States of America,Getinstavax.com,2021-03-01T00:00:00.000,2021-12-31T00:00:00.000,True,False,"Phase 1a-1b / Accepts any insurance, no insurance, and undocumented","{'type': 'Point', 'coordinates': [-87.648931, 41.931119]}",16,68,21190,794,34,
170,232,Walgreens - Store Number: 4938,4748 W NORTH AVE,,Chicago,IL,60639,United States of America,www.walgreens.com/schedulevaccine,2021-03-01T00:00:00.000,2021-12-31T00:00:00.000,True,False,,"{'type': 'Point', 'coordinates': [-87.745091, 41.909708]}",2,26,22615,62,45,
171,135,Walmart Store #5617,4626 W Diversey Ave,,Chicago,IL,60639,United States of America,https://www.walmart.com/cp/1228302,2021-01-01T00:00:00.000,2021-12-31T00:00:00.000,True,False,Vaccine availability is limited and subject to change. Find more information using the link or phone number provided.,"{'type': 'Point', 'coordinates': [-87.74243, 41.931608]}",21,19,22615,460,17,
172,146,Walgreens Store #4306,1633 W 95TH ST,,Chicago,IL,60643,United States of America,https://www.walgreens.com/topic/promotion/covid-vaccine.jsp,2021-01-28T00:00:00.000,2021-12-31T00:00:00.000,True,False,Vaccine availability is limited and subject to change. The 1b Federal Program is currently only for 65+ and healthcare workers with a limited supply of 100 doses per store,"{'type': 'Point', 'coordinates': [-87.663165, 41.721135]}",13,72,22212,592,13,
173,217,Walgreens - Store Number: 1375,1200 N DEARBORN ST,,Chicago,IL,60610,United States of America,www.walgreens.com/schedulevaccine,2021-03-01T00:00:00.000,2021-12-31T00:00:00.000,True,False,,"{'type': 'Point', 'coordinates': [-87.629978, 41.90422]}",54,37,14926,17,11,
174,168,Walgreens Store #3698,3201 N BROADWAY ST,,Chicago,IL,60657,United States of America,https://www.walgreens.com/topic/promotion/covid-vaccine.jsp,2021-01-28T00:00:00.000,2021-12-31T00:00:00.000,True,False,Vaccine availability is limited and subject to change. The 1b Federal Program is currently only for 65+ and healthcare workers with a limited supply of 100 doses per store,"{'type': 'Point', 'coordinates': [-87.644391, 41.940147]}",22,57,4449,169,25,
175,71,Near North Health Service Corporation - Winfield Moody Health Center,1276 N Clybourn Ave,,Chicago,IL,60610,United States of America,https://www.nearnorthhealth.org/,2021-01-01T00:00:00.000,2021-12-31T00:00:00.000,True,False,Vaccine availability is limited and subject to change. Find more information using the link or phone number provided.,"{'type': 'Point', 'coordinates': [-87.641844, 41.905412]}",54,37,14926,309,11,(312) 337-1073
176,84,PCC Parkside Family Health Center,115 N Parkside Ave,,Chicago,IL,60644,United States of America,https://www.pccwellness.org/covid-19,2021-01-01T00:00:00.000,2021-12-31T00:00:00.000,True,False,Vaccine availability is limited and subject to change. Find more information using the link or phone number provided.,"{'type': 'Point', 'coordinates': [-87.766549, 41.882729]}",32,26,22216,618,7,
177,42,Friend Health - 51st Street,340 E 51st St,,Chicago,IL,60615,United States of America,https://friendfhc.org/covid.html,2021-01-01T00:00:00.000,2021-12-31T00:00:00.000,True,False,Vaccine availability is limited and subject to change. Find more information using the link or phone number provided.,"{'type': 'Point', 'coordinates': [-87.617571, 41.802123]}",10,4,21192,449,9,
178,173,Walgreens Store #5121,5935 W ADDISON ST,,Chicago,IL,60634,United States of America,https://www.walgreens.com/topic/promotion/covid-vaccine.jsp,2021-01-28T00:00:00.000,2021-12-31T00:00:00.000,True,False,Vaccine availability is limited and subject to change. The 1b Federal Program is currently only for 65+ and healthcare workers with a limited supply of 100 doses per store,"{'type': 'Point', 'coordinates': [-87.775442, 41.945798]}",52,15,22254,311,44,
179,113,Walgreens Store #3539,11 E 75th St,,Chicago,IL,60619,United States of America,https://www.walgreens.com/topic/promotion/covid-vaccine.jsp,2021-01-01T00:00:00.000,2021-12-31T00:00:00.000,True,False,Vaccine availability is limited and subject to change. Find more information using the link or phone number provided.,"{'type': 'Point', 'coordinates': [-87.624302, 41.758119]}",61,67,21546,475,32,
180,73,Oak Street Health Ashburn,3348 W 87th St,,Chicago,IL,60617,United States of America,https://www.oakstreethealth.com/covid-19-vaccine,2021-01-01T00:00:00.000,2021-12-31T00:00:00.000,True,False,Vaccine availability is limited and subject to change. Find more information using the link or phone number provided.,"{'type': 'Point', 'coordinates': [-87.705932, 41.735189]}",8,69,4300,198,30,773-209-5333
181,90,Primecare Portage Park,5635 W Belmont Ave,,Chicago,IL,60634,United States of America,https://primecarehealth.org/,2021-01-01T00:00:00.000,2021-12-31T00:00:00.000,True,False,Open to current patients only.,"{'type': 'Point', 'coordinates': [-87.767925, 41.938567]}",52,15,22254,342,21,
182,222,Walgreens - Store Number: 3698,3201 N BROADWAY ST,,Chicago,IL,60657,United States of America,www.walgreens.com/schedulevaccine,2021-03-01T00:00:00.000,2021-12-31T00:00:00.000,True,False,,"{'type': 'Point', 'coordinates': [-87.644391, 41.940147]}",22,57,4449,169,25,
183,200,Michigan Ave Immediate Care (MAIC),180 N Michigan Ave STE 1605,,Chicago,IL,60601,United States of America,https://www.zocdoc.com/practice/michigan-avenue-primary-care-15623?dr_specialty=510%20&isNewPatient=false,2021-02-24T00:00:00.000,2021-12-31T00:00:00.000,True,False,,"{'type': 'Point', 'coordinates': [-87.624569, 41.885151]}",42,38,14309,580,36,
184,205,Walgreens - Store Number: 215,3045 W 26TH ST,,Chicago,IL,60623,United States of America,www.walgreens.com/schedulevaccine,2021-03-01T00:00:00.000,2021-12-31T00:00:00.000,True,False,,"{'type': 'Point', 'coordinates': [-87.701928, 41.844608]}",57,32,21569,261,1,
185,39,Erie West Town Health Center,1701 W Superior St,,Chicago,IL,60622,United States of America,https://www.eriefamilyhealth.org/coronavirus,2021-01-01T00:00:00.000,2021-12-31T00:00:00.000,True,False,Vaccine availability is limited and subject to change. Find more information using the link or phone number provided.,"{'type': 'Point', 'coordinates': [-87.670068, 41.895123]}",4,25,21560,520,41,
186,150,Walgreens Store #12150,5158 N LINCOLN AVE,,Chicago,IL,60625,United States of America,https://www.walgreens.com/topic/promotion/covid-vaccine.jsp,2021-01-28T00:00:00.000,2021-12-31T00:00:00.000,True,False,Vaccine availability is limited and subject to change. The 1b Federal Program is currently only for 65+ and healthcare workers with a limited supply of 100 doses per store,"{'type': 'Point', 'coordinates': [-87.692359, 41.975717]}",20,6,21849,28,24,
187,54,Lawndale Christian Health Center - Ogden Campus,3860 W Ogden Ave,,Chicago,IL,60616,United States of America,https://lawndale.org/covid19,2021-01-01T00:00:00.000,2021-12-31T00:00:00.000,True,False,,"{'type': 'Point', 'coordinates': [-87.721905, 41.852254]}",57,30,21569,752,14,(872) 588-3000
188,177,Walgreens Store #7250,2345 W 103RD ST,,Chicago,IL,60643,United States of America,https://www.walgreens.com/topic/promotion/covid-vaccine.jsp,2021-01-28T00:00:00.000,2021-12-31T00:00:00.000,True,False,Vaccine availability is limited and subject to change. The 1b Federal Program is currently only for 65+ and healthcare workers with a limited supply of 100 doses per store,"{'type': 'Point', 'coordinates': [-87.680785, 41.706353]}",13,71,22212,609,42,
189,32,Chicago Family Health Center - Pullman,570 E 115th St,,Chicago,IL,60628,United States of America,https://chicagofamilyhealth.org/,2021-01-01T00:00:00.000,2021-12-31T00:00:00.000,True,False,Vaccine availability is limited and subject to change. Find more information using the link or phone number provided.,"{'type': 'Point', 'coordinates': [-87.608811, 41.685462]}",19,51,21861,9,43,(773) 768-5000
190,95,Rush University Medical Center,1620 W Harrison St,,Chicago,IL,60612,United States of America,https://www.rush.edu/patients-visitors/covid-19-resources/covid-19-vaccines,2021-01-01T00:00:00.000,2021-12-31T00:00:00.000,True,False,For current and invited patients only,"{'type': 'Point', 'coordinates': [-87.667511, 41.874237]}",28,29,21184,90,46,(888) 352-7874
191,198,PIC - South Loop,811 South State St,,Chicago,IL,60605,United States of America,https://physiciansimmediatecare.com/covid-19-vaccination-locations/,2021-02-17T00:00:00.000,2021-12-31T00:00:00.000,True,False,,"{'type': 'Point', 'coordinates': [-87.627452, 41.87162]}",35,38,14913,12,10,
192,166,Walgreens Store #4494,1649 W BELMONT AVE,,Chicago,IL,60657,United States of America,https://www.walgreens.com/topic/promotion/covid-vaccine.jsp,2021-01-28T00:00:00.000,2021-12-31T00:00:00.000,True,False,Vaccine availability is limited and subject to change. The 1b Federal Program is currently only for 65+ and healthcare workers with a limited supply of 100 doses per store,"{'type': 'Point', 'coordinates': [-87.670252, 41.939691]}",22,57,4449,742,18,
193,66,Metro Infectious Disease Consultants,2923 N California Ave,Ste 220,Chicago,IL,60618,United States of America,,2021-01-01T00:00:00.000,2021-12-31T00:00:00.000,True,False,"Email covid19vaccination@midcusa.com to schedule an appointment. Provide Name, DOB, Address, phone number and qualifying reason for vaccination.","{'type': 'Point', 'coordinates': [-87.697666, 41.934573]}",39,22,21538,467,20,
194,273,Walgreens - Store Number: 15197,6121 N BROADWAY ST,,Chicago,IL,60660,United States of America,www.walgreens.com/schedulevaccine,2021-03-01T00:00:00.000,2021-12-31T00:00:00.000,True,False,,"{'type': 'Point', 'coordinates': [-87.660288, 41.992929]}",14,76,4451,46,16,
195,254,Walgreens - Store Number: 7359,3222 N MILWAUKEE AVE,,Chicago,IL,60618,United States of America,www.walgreens.com/schedulevaccine,2021-03-01T00:00:00.000,2021-12-31T00:00:00.000,True,False,,"{'type': 'Point', 'coordinates': [-87.724725, 41.939651]}",39,22,21538,138,21,
196,117,Walgreens Store #4147,1546 N Central Ave,,Chicago,IL,60651,United States of America,https://www.walgreens.com/topic/promotion/covid-vaccine.jsp,2021-01-01T00:00:00.000,2021-12-31T00:00:00.000,True,False,Vaccine availability is limited and subject to change. Find more information using the link or phone number provided.,"{'type': 'Point', 'coordinates': [-87.765876, 41.908886]}",5,26,22615,599,45,
197,105,Walgreens Store #2711,7150 W Archer Ave,,Chicago,IL,60638,United States of America,https://www.walgreens.com/topic/promotion/covid-vaccine.jsp,2021-01-01T00:00:00.000,2021-12-31T00:00:00.000,True,False,Vaccine availability is limited and subject to change. Find more information using the link or phone number provided.,"{'type': 'Point', 'coordinates': [-87.800485, 41.792014]}",7,53,22268,588,6,
198,226,Walgreens - Store Number: 4461,501 W ROOSEVELT RD,,Chicago,IL,60607,United States of America,www.walgreens.com/schedulevaccine,2021-03-01T00:00:00.000,2021-12-31T00:00:00.000,True,False,,"{'type': 'Point', 'coordinates': [-87.639319, 41.86723]}",44,29,14917,97,48,
199,241,Walgreens - Store Number: 5356,4710 S WESTERN AVE,,Chicago,IL,60609,United States of America,www.walgreens.com/schedulevaccine,2021-03-01T00:00:00.000,2021-12-31T00:00:00.000,True,False,,"{'type': 'Point', 'coordinates': [-87.684446, 41.807958]}",56,55,22248,85,3,
200,122,Walgreens Store #4936,4040 N Cicero Ave,,Chicago,IL,60641,United States of America,https://www.walgreens.com/topic/promotion/covid-vaccine.jsp,2021-01-01T00:00:00.000,2021-12-31T00:00:00.000,True,False,Vaccine availability is limited and subject to change. Find more information using the link or phone number provided.,"{'type': 'Point', 'coordinates': [-87.747386, 41.954592]}",21,15,22618,259,50,
201,63,Mariano's Pharmacy 53100534,1500 N Clybourn Ave,Unit C104,Chicago,IL,60610,United States of America,https://www.marianos.com/i/coronavirus-update/vaccine,2021-01-01T00:00:00.000,2021-12-31T00:00:00.000,True,False,Vaccine availability is limited and subject to change. Find more information using the link or phone number provided.,"{'type': 'Point', 'coordinates': [-87.646261, 41.908623]}",54,37,14926,108,46,
202,49,Heartland Alliance Health - Uptown,1015 W Lawrence Ave,,Chicago,IL,60647,United States of America,https://www.heartlandalliance.org/heartland-alliance-health/,2021-01-01T00:00:00.000,2021-12-31T00:00:00.000,True,False,Vaccine availability is limited and subject to change. Find more information using the link or phone number provided.,"{'type': 'Point', 'coordinates': [-87.655411, 41.969067]}",15,31,22616,241,39,
203,181,Walgreens Store #9038,4001 W IRVING PARK RD,,Chicago,IL,60641,United States of America,https://www.walgreens.com/topic/promotion/covid-vaccine.jsp,2021-01-28T00:00:00.000,2021-12-31T00:00:00.000,True,False,Vaccine availability is limited and subject to change. The 1b Federal Program is currently only for 65+ and healthcare workers with a limited supply of 100 doses per store,"{'type': 'Point', 'coordinates': [-87.728008, 41.953608]}",21,16,22618,295,50,
204,209,Walgreens - Store Number: 252,7510 N WESTERN AVE,,Chicago,IL,60645,United States of America,www.walgreens.com/schedulevaccine,2021-03-01T00:00:00.000,2021-12-31T00:00:00.000,True,False,,"{'type': 'Point', 'coordinates': [-87.690254, 42.018614]}",12,20,22528,359,27,
205,78,Oak Street Health Hermosa,4417 W Diversey Ave,,Chicago,IL,60623,United States of America,https://www.oakstreethealth.com/covid-19-vaccine,2021-01-01T00:00:00.000,2021-12-31T00:00:00.000,True,False,Vaccine availability is limited and subject to change. Find more information using the link or phone number provided.,"{'type': 'Point', 'coordinates': [-87.737483, 41.931675]}",21,21,22615,411,17,773-209-5333
206,137,Walmart Store #5646,2551 W Cermak Rd,,Chicago,IL,60608,United States of America,https://www.walmart.com/cp/1228302,2021-01-01T00:00:00.000,2021-12-31T00:00:00.000,True,False,Vaccine availability is limited and subject to change. Find more information using the link or phone number provided.,"{'type': 'Point', 'coordinates': [-87.689211, 41.852013]}",43,32,14920,203,23,
207,194,PIC - Lincoln Park,933 W. Diversey,,Chicago,IL,60614,United States of America,https://physiciansimmediatecare.com/covid-19-vaccination-locations/,2021-02-17T00:00:00.000,2021-12-31T00:00:00.000,True,False,,"{'type': 'Point', 'coordinates': [-87.652762, 41.932687]}",22,57,21190,681,25,
208,162,Walgreens Store #194,4801 N LINCOLN AVE,,Chicago,IL,60625,United States of America,https://www.walgreens.com/topic/promotion/covid-vaccine.jsp,2021-01-28T00:00:00.000,2021-12-31T00:00:00.000,True,False,Vaccine availability is limited and subject to change. The 1b Federal Program is currently only for 65+ and healthcare workers with a limited supply of 100 doses per store,"{'type': 'Point', 'coordinates': [-87.689241, 41.969836]}",20,6,21849,28,24,
209,46,Friend Health - Woodlawn,1522 E 63rd St,,Chicago,IL,60637,United States of America,https://friendfhc.org/covid.html,2021-01-01T00:00:00.000,2021-12-31T00:00:00.000,True,False,Vaccine availability is limited and subject to change. Find more information using the link or phone number provided.,"{'type': 'Point', 'coordinates': [-87.588296, 41.780617]}",60,9,22260,469,33,
210,31,Beloved Community Family Wellness Center,6821 S Halsted St,,Chicago,IL,60621,United States of America,https://www.bcfwc.org,2021-01-01T00:00:00.000,2021-12-31T00:00:00.000,True,False,Vaccine availability is limited and subject to change. Find more information using the link or phone number provided.,"{'type': 'Point', 'coordinates': [-87.644533, 41.769817]}",11,66,21559,410,32,(773) 651-3629
211,98,"Swedish Hospital, Part of Northshore",5140 N California Ave,,Chicago,IL,60625,United States of America,https://www.swedishcovenant.org/covid/covid-19-vaccine,2021-01-01T00:00:00.000,2021-12-31T00:00:00.000,True,False,Open to current patients only.,"{'type': 'Point', 'coordinates': [-87.698915, 41.975057]}",20,6,21849,620,24,
212,142,Walgreens Store #13106,11801 S AVENUE O,,Chicago,IL,60617,United States of America,https://www.walgreens.com/topic/promotion/covid-vaccine.jsp,2021-01-28T00:00:00.000,2021-12-31T00:00:00.000,True,False,Vaccine availability is limited and subject to change. The 1b Federal Program is currently only for 65+ and healthcare workers with a limited supply of 100 doses per store,"{'type': 'Point', 'coordinates': [-87.540034, 41.680504]}",25,52,21202,787,47,
213,81,Oak Street Health Portage Park,4848 W Irving Park Rd,,Chicago,IL,60641,United States of America,https://www.oakstreethealth.com/covid-19-vaccine,2021-01-01T00:00:00.000,2021-12-31T00:00:00.000,True,False,Vaccine availability is limited and subject to change. Find more information using the link or phone number provided.,"{'type': 'Point', 'coordinates': [-87.748529, 41.953421]}",21,15,22618,259,50,773-209-5333
214,258,Walgreens - Store Number: 7687,3320 W FULLERTON AVE,,Chicago,IL,60647,United States of America,www.walgreens.com/schedulevaccine,2021-03-01T00:00:00.000,2021-12-31T00:00:00.000,True,False,,"{'type': 'Point', 'coordinates': [-87.711594, 41.924715]}",1,23,22535,70,12,
215,269,Walgreens - Store Number: 13106,11801 S AVENUE O,,Chicago,IL,60617,United States of America,www.walgreens.com/schedulevaccine,2021-03-01T00:00:00.000,2021-12-31T00:00:00.000,True,False,,"{'type': 'Point', 'coordinates': [-87.540034, 41.680504]}",25,52,21202,787,47,
216,230,Walgreens - Store Number: 4935,6809 W BELMONT AVE,,Chicago,IL,60634,United States of America,www.walgreens.com/schedulevaccine,2021-03-01T00:00:00.000,2021-12-31T00:00:00.000,True,False,,"{'type': 'Point', 'coordinates': [-87.796174, 41.938159]}",52,17,22254,396,44,
217,131,Walgreens Store #15196,151 N State St,Floor 1,Chicago,IL,60601,United States of America,https://www.walgreens.com/topic/promotion/covid-vaccine.jsp,2021-01-01T00:00:00.000,2021-12-31T00:00:00.000,True,False,Vaccine availability is limited and subject to change. Find more information using the link or phone number provided.,"{'type': 'Point', 'coordinates': [-87.627827, 41.884687]}",42,38,14309,580,36,
218,237,Walgreens - Store Number: 5057,3153 W IRVING PARK RD,,Chicago,IL,60618,United States of America,www.walgreens.com/schedulevaccine,2021-03-01T00:00:00.000,2021-12-31T00:00:00.000,True,False,,"{'type': 'Point', 'coordinates': [-87.707383, 41.953888]}",39,16,21538,372,20,
219,174,Walgreens Store #10350,7109 S JEFFERY BLVD,,Chicago,IL,60649,United States of America,https://www.walgreens.com/topic/promotion/covid-vaccine.jsp,2021-01-28T00:00:00.000,2021-12-31T00:00:00.000,True,False,Vaccine availability is limited and subject to change. The 1b Federal Program is currently only for 65+ and healthcare workers with a limited supply of 100 doses per store,"{'type': 'Point', 'coordinates': [-87.576292, 41.765683]}",24,39,22538,452,33,
220,59,Mariano's Pharmacy 53100516,2112 N Ashland Ave,,Chicago,IL,60608,United States of America,https://www.marianos.com/i/coronavirus-update/vaccine,2021-01-01T00:00:00.000,2021-12-31T00:00:00.000,True,False,Vaccine availability is limited and subject to change. Find more information using the link or phone number provided.,"{'type': 'Point', 'coordinates': [-87.668539, 41.920702]}",16,23,21190,209,40,
221,191,PIC - Edgewater,6140 N. Broadway,,Chicago,IL,60660,United States of America,https://physiciansimmediatecare.com/covid-19-vaccination-locations/,2021-02-17T00:00:00.000,2021-12-31T00:00:00.000,True,False,,"{'type': 'Point', 'coordinates': [-87.660401, 41.993429]}",14,76,4451,536,16,
222,169,Walgreens  Store #7360,3220 W 111TH ST,,Chicago,IL,60655,United States of America,https://www.walgreens.com/topic/promotion/covid-vaccine.jsp,2021-01-28T00:00:00.000,2021-12-31T00:00:00.000,True,False,Vaccine availability is limited and subject to change. The 1b Federal Program is currently only for 65+ and healthcare workers with a limited supply of 100 doses per store,"{'type': 'Point', 'coordinates': [-87.701815, 41.69155]}",33,73,4447,264,42,
223,53,Innovative Express Care,1111 W Diversey Pkwy,,Chicago,IL,60614,United States of America,https://innovativecorona.com/,2021-01-01T00:00:00.000,2021-12-31T00:00:00.000,True,False,Vaccine availability is limited and subject to change. Find more information using the link or phone number provided.,"{'type': 'Point', 'coordinates': [-87.656045, 41.932632]}",22,57,21190,680,25,(773) 270-5600
224,74,Oak Street Health Avalon Park,1715 E 95th St,,Chicago,IL,60632,United States of America,https://www.oakstreethealth.com/covid-19-vaccine,2021-01-01T00:00:00.000,2021-12-31T00:00:00.000,True,False,Vaccine availability is limited and subject to change. Find more information using the link or phone number provided.,"{'type': 'Point', 'coordinates': [-87.581624, 41.722335]}",25,48,21202,252,37,773-209-5333
225,213,Walgreens - Store Number: 1101,1533 E 67TH ST,,Chicago,IL,60637,United States of America,www.walgreens.com/schedulevaccine,2021-03-01T00:00:00.000,2021-12-31T00:00:00.000,True,False,,"{'type': 'Point', 'coordinates': [-87.587916, 41.773303]}",60,39,22260,416,33,
226,206,Walgreens - Store Number: 226,4005 W 26TH ST,,Chicago,IL,60623,United States of America,www.walgreens.com/schedulevaccine,2021-03-01T00:00:00.000,2021-12-31T00:00:00.000,True,False,,"{'type': 'Point', 'coordinates': [-87.72495, 41.844257]}",57,32,21569,194,28,
227,41,Friend Health - Ashland,4802 S Ashland Ave,,Chicago,IL,60609,United States of America,https://friendfhc.org/covid.html,2021-01-01T00:00:00.000,2021-12-31T00:00:00.000,True,False,Vaccine availability is limited and subject to change. Find more information using the link or phone number provided.,"{'type': 'Point', 'coordinates': [-87.664977, 41.806389]}",37,59,14924,740,4,
228,233,Walgreens - Store Number: 4978,111 S HALSTED ST,,Chicago,IL,60661,United States of America,www.walgreens.com/schedulevaccine,2021-03-01T00:00:00.000,2021-12-31T00:00:00.000,True,False,,"{'type': 'Point', 'coordinates': [-87.647247, 41.879862]}",45,29,4452,786,46,
229,125,Walgreens Store #5234,5435 S Kedzie Ave,,Chicago,IL,60632,United States of America,https://www.walgreens.com/topic/promotion/covid-vaccine.jsp,2021-01-01T00:00:00.000,2021-12-31T00:00:00.000,True,False,Vaccine availability is limited and subject to change. Find more information using the link or phone number provided.,"{'type': 'Point', 'coordinates': [-87.70357, 41.794161]}",56,61,22248,777,8,
230,262,Walgreens - Store Number: 9709,4010 W LAWRENCE AVE,,Chicago,IL,60630,United States of America,www.walgreens.com/schedulevaccine,2021-03-01T00:00:00.000,2021-12-31T00:00:00.000,True,False,,"{'type': 'Point', 'coordinates': [-87.728507, 41.968274]}",48,14,21869,751,38,
231,265,Walgreens - Store Number: 11410,1627 N PULASKI RD,,Chicago,IL,60639,United States of America,www.walgreens.com/schedulevaccine,2021-03-01T00:00:00.000,2021-12-31T00:00:00.000,True,False,,"{'type': 'Point', 'coordinates': [-87.726372, 41.910951]}",2,24,22615,285,49,
232,26,Alivio - Western Avenue,2355 S Western Ave,,Chicago,IL,60608,United States of America,https://www.aliviomedicalcenter.org/locations/western-avenue,2021-01-01T00:00:00.000,2021-12-31T00:00:00.000,True,False,Vaccine availability is limited and subject to change. Find more information using the link or phone number provided.,"{'type': 'Point', 'coordinates': [-87.685482, 41.848718]}",43,33,14920,204,26,(773) 254-1400
233,149,Walgreens Store #232,3405 S KING DR,,Chicago,IL,60616,United States of America,https://www.walgreens.com/topic/promotion/covid-vaccine.jsp,2021-01-28T00:00:00.000,2021-12-31T00:00:00.000,True,False,Vaccine availability is limited and subject to change. The 1b Federal Program is currently only for 65+ and healthcare workers with a limited supply of 100 doses per store,"{'type': 'Point', 'coordinates': [-87.616993, 41.832627]}",40,1,21194,190,10,
234,159,Walgreens  Store #1096,3646 N BROADWAY ST,,Chicago,IL,60613,United States of America,https://www.walgreens.com/topic/promotion/covid-vaccine.jsp,2021-01-28T00:00:00.000,2021-12-31T00:00:00.000,True,False,Vaccine availability is limited and subject to change. The 1b Federal Program is currently only for 65+ and healthcare workers with a limited supply of 100 doses per store,"{'type': 'Point', 'coordinates': [-87.648007, 41.948601]}",53,57,21186,726,39,
235,129,Walgreens Store #12304,2744 N California Ave,,Chicago,IL,60647,United States of America,https://www.walgreens.com/topic/promotion/covid-vaccine.jsp,2021-01-01T00:00:00.000,2021-12-31T00:00:00.000,True,False,Vaccine availability is limited and subject to change. Find more information using the link or phone number provided.,"{'type': 'Point', 'coordinates': [-87.697589, 41.931419]}",1,23,22535,468,40,
236,218,Walgreens - Store Number: 1496,6310 N NAGLE AVE,,Chicago,IL,60646,United States of America,www.walgreens.com/schedulevaccine,2021-03-01T00:00:00.000,2021-12-31T00:00:00.000,True,False,,"{'type': 'Point', 'coordinates': [-87.787508, 41.996012]}",17,36,22532,657,29,
237,112,Walgreens Store #3395,3401 W Roosevelt Rd,,Chicago,IL,60624,United States of America,https://www.walgreens.com/topic/promotion/covid-vaccine.jsp,2021-01-01T00:00:00.000,2021-12-31T00:00:00.000,True,False,Vaccine availability is limited and subject to change. Find more information using the link or phone number provided.,"{'type': 'Point', 'coordinates': [-87.710713, 41.866364]}",30,30,21572,98,14,
238,154,Walgreens Store #4978,111 S HALSTED ST,,Chicago,IL,60661,United States of America,https://www.walgreens.com/topic/promotion/covid-vaccine.jsp,2021-01-28T00:00:00.000,2021-12-31T00:00:00.000,True,False,Vaccine availability is limited and subject to change. The 1b Federal Program is currently only for 65+ and healthcare workers with a limited supply of 100 doses per store,"{'type': 'Point', 'coordinates': [-87.647247, 41.879862]}",45,29,4452,786,46,
239,70,Near North Health Service Corporation - Komed Holman Health Center,4259 S Berkeley Ave,,Chicago,IL,60653,United States of America,https://www.nearnorthhealth.org/,2021-01-01T00:00:00.000,2021-12-31T00:00:00.000,True,False,Vaccine availability is limited and subject to change. Find more information using the link or phone number provided.,"{'type': 'Point', 'coordinates': [-87.600625, 41.817193]}",36,2,4301,220,10,(312) 337-1070
240,38,Erie Foster AvenueHealth Center,2750 W North Ave,1st Floor,Chicago,IL,60647,United States of America,https://www.eriefamilyhealth.org/coronavirus,2021-01-01T00:00:00.000,2021-12-31T00:00:00.000,True,False,Vaccine availability is limited and subject to change. Find more information using the link or phone number provided.,"{'type': 'Point', 'coordinates': [-87.696515, 41.910291]}",1,25,22535,299,41,
241,186,Walgreens Store  #1308,7410 N CLARK ST,,Chicago,IL,60626,United States of America,https://www.walgreens.com/topic/promotion/covid-vaccine.jsp,2021-01-28T00:00:00.000,2021-12-31T00:00:00.000,True,False,Vaccine availability is limited and subject to change. The 1b Federal Program is currently only for 65+ and healthcare workers with a limited supply of 100 doses per store,"{'type': 'Point', 'coordinates': [-87.675327, 42.016566]}",9,10,21853,489,5,
242,223,Walgreens - Store Number: 3948,5140 W DIVERSEY AVE,,Chicago,IL,60639,United States of America,www.walgreens.com/schedulevaccine,2021-03-01T00:00:00.000,2021-12-31T00:00:00.000,True,False,,"{'type': 'Point', 'coordinates': [-87.755488, 41.931436]}",21,19,22615,355,17,
243,91,Primecare West Town,1431 N Western Ave,Ste 406,Chicago,IL,60622,United States of America,https://primecarehealth.org/,2021-01-01T00:00:00.000,2021-12-31T00:00:00.000,True,False,Open to current patients only.,"{'type': 'Point', 'coordinates': [-87.687092, 41.908298]}",4,25,21560,516,41,
244,83,PCC Community Wellness Center at Steinmetz,3030 N Mobile Ave,,Chicago,IL,60634,United States of America,https://www.pccwellness.org/covid-19,2021-01-01T00:00:00.000,2021-12-31T00:00:00.000,True,False,Vaccine availability is limited and subject to change. Find more information using the link or phone number provided.,"{'type': 'Point', 'coordinates': [-87.783386, 41.934689]}",52,19,22254,81,21,
245,201,Michigan Ave Immediate Care (MAIC),180 N Michigan Ave STE STE 1720,,Chicago,IL,60601,United States of America,https://www.zocdoc.com/practice/michigan-avenue-primary-care-15623?dr_specialty=510%20&isNewPatient=false,2021-02-24T00:00:00.000,2021-12-31T00:00:00.000,True,False,,,,,,,,
246,108,Walgreens Store #2903,5222 W Madison St,,Chicago,IL,60644,United States of America,https://www.walgreens.com/topic/promotion/covid-vaccine.jsp,2021-01-01T00:00:00.000,2021-12-31T00:00:00.000,True,False,Vaccine availability is limited and subject to change. Find more information using the link or phone number provided.,"{'type': 'Point', 'coordinates': [-87.755579, 41.880429]}",32,26,22216,674,23,
247,134,Walmart Store #5402,4650 W North Ave,,Chicago,IL,60639,United States of America,https://www.walmart.com/cp/1228302,2021-01-01T00:00:00.000,2021-12-31T00:00:00.000,True,False,Vaccine availability is limited and subject to change. Find more information using the link or phone number provided.,"{'type': 'Point', 'coordinates': [-87.743003, 41.909734]}",2,26,22615,62,45,
248,277,Walgreens - Store Number: 16355,2 N STATE ST #1,,Chicago,IL,60602,United States of America,www.walgreens.com/schedulevaccine,2021-03-01T00:00:00.000,2021-12-31T00:00:00.000,True,False,,"{'type': 'Point', 'coordinates': [-87.627865, 41.882107]}",41,38,14310,92,36,
249,250,Walgreens - Store Number: 6980,3019 W PETERSON AVE,,Chicago,IL,60659,United States of America,www.walgreens.com/schedulevaccine,2021-03-01T00:00:00.000,2021-12-31T00:00:00.000,True,False,,"{'type': 'Point', 'coordinates': [-87.705301, 41.99037]}",50,20,4450,65,24,
250,145,Walgreens  Store #249,1601 N WELLS ST,,Chicago,IL,60614,United States of America,https://www.walgreens.com/topic/promotion/covid-vaccine.jsp,2021-01-28T00:00:00.000,2021-12-31T00:00:00.000,True,False,Vaccine availability is limited and subject to change. The 1b Federal Program is currently only for 65+ and healthcare workers with a limited supply of 100 doses per store,"{'type': 'Point', 'coordinates': [-87.634714, 41.911317]}",16,68,21190,271,11,
251,100,Walgreens Store #178,740 W Diversey Pkwy,,Chicago,IL,60614,United States of America,https://www.walgreens.com/topic/promotion/covid-vaccine.jsp,2021-01-01T00:00:00.000,2021-12-31T00:00:00.000,True,False,Vaccine availability is limited and subject to change. Find more information using the link or phone number provided.,"{'type': 'Point', 'coordinates': [-87.648348, 41.932762]}",22,57,21190,684,25,
252,238,Walgreens - Store Number: 5089,7111 S WESTERN AVE,,Chicago,IL,60636,United States of America,www.walgreens.com/schedulevaccine,2021-03-01T00:00:00.000,2021-12-31T00:00:00.000,True,False,,"{'type': 'Point', 'coordinates': [-87.683157, 41.764259]}",23,64,22257,333,30,
253,245,Walgreens - Store Number: 5867,3943 W 47TH ST,,Chicago,IL,60632,United States of America,www.walgreens.com/schedulevaccine,2021-03-01T00:00:00.000,2021-12-31T00:00:00.000,True,False,,"{'type': 'Point', 'coordinates': [-87.722773, 41.807904]}",56,54,22248,563,8,
254,255,Walgreens - Store Number: 7360,3220 W 111TH ST,,Chicago,IL,60655,United States of America,www.walgreens.com/schedulevaccine,2021-03-01T00:00:00.000,2021-12-31T00:00:00.000,True,False,,"{'type': 'Point', 'coordinates': [-87.701815, 41.69155]}",33,73,4447,264,42,
255,118,Walgreens Store #4233,5600 W Fullerton Ave,,Chicago,IL,60639,United States of America,https://www.walgreens.com/topic/promotion/covid-vaccine.jsp,2021-01-01T00:00:00.000,2021-12-31T00:00:00.000,True,False,Vaccine availability is limited and subject to change. Find more information using the link or phone number provided.,"{'type': 'Point', 'coordinates': [-87.76661, 41.924032]}",2,19,22615,58,21,
